amount,transaction_type,merchant_category,location,card_type,hour,previous_transactions,is_foreign_transaction,fraud
167721,Online,Electronics,Same City,Credit,3,21,No,1
143064,Online,Food,Same City,Credit,16,19,No,1
52224,POS,Electronics,Same City,Credit,8,25,No,0
199016,ATM,Electronics,Same City,Credit,10,3,No,0
25453,Online,Food,Same City,Credit,14,17,No,0
99330,Online,Food,Different City,Debit,11,18,No,0
18333,Online,Shopping,Same City,Credit,7,27,No,0
72969,POS,Fuel,Same City,Credit,21,8,No,0
179287,POS,Gaming,Same City,Debit,5,14,No,1
167872,POS,Shopping,Same City,Debit,1,7,No,1
82794,Online,Shopping,Different State,Credit,22,10,No,0
130970,Online,Fuel,Same City,Credit,7,23,No,1
68976,POS,Food,Different City,Credit,4,16,No,1
198223,Online,Shopping,Different City,Debit,13,19,No,0
100139,POS,Travel,Same City,Credit,0,21,No,1
178806,ATM,Electronics,Different City,Credit,9,13,No,0
950,International,Fuel,Same City,Credit,5,16,Yes,0
164018,Online,Gaming,Different City,Credit,5,17,No,1
139129,International,Gaming,Same City,Credit,11,28,Yes,1
80712,Online,Shopping,Different City,Credit,23,15,No,0
199487,POS,Shopping,Different City,Debit,5,8,No,1
159114,Online,Shopping,Same City,Debit,6,22,No,1
176178,POS,Food,Same City,Credit,7,2,No,0
154321,POS,Gaming,Same City,Debit,1,7,No,1
8334,ATM,Shopping,Same City,Debit,6,17,No,0
149795,POS,Shopping,Same City,Credit,3,3,No,1
92976,Online,Travel,Different City,Debit,20,3,No,0
190996,Online,Fuel,Same City,Credit,14,4,No,0
73118,POS,Fuel,Same City,Debit,17,3,No,0
141811,ATM,Jewellery,International,Debit,5,13,Yes,1
56132,ATM,Fuel,Same City,Credit,12,8,No,0
119377,Online,Electronics,Different City,Debit,21,22,No,1
49880,Online,Jewellery,Different City,Credit,23,10,No,0
153238,POS,Fuel,Same City,Credit,16,2,No,0
18062,POS,Electronics,Same City,Credit,18,7,No,0
10518,POS,Food,Different City,Credit,8,6,No,0
82461,Online,Food,Different City,Credit,10,29,No,1
19116,Online,Gaming,Different City,Credit,17,6,No,0
34822,International,Fuel,Different State,Credit,5,14,Yes,0
184528,Online,Jewellery,Different State,Credit,21,26,No,1
174003,Online,Fuel,Same City,Debit,23,17,No,0
73960,POS,Electronics,Same City,Debit,8,16,No,0
13416,Online,Food,Same City,Credit,4,20,No,0
42457,POS,Travel,Same City,Credit,2,30,No,1
39173,POS,Fuel,Different City,Credit,4,1,No,1
10558,ATM,Shopping,Same City,Credit,17,28,No,0
162802,POS,Jewellery,Same City,Credit,5,28,No,1
47118,POS,Food,International,Debit,23,25,Yes,0
41832,ATM,Shopping,Different State,Debit,7,6,No,0
120765,Online,Fuel,Different State,Credit,21,6,No,1
73134,ATM,Jewellery,Same City,Debit,12,21,No,1
140665,Online,Shopping,Different State,Credit,18,30,No,1
10128,Online,Food,Different City,Credit,19,16,No,0
151249,Online,Shopping,Same City,Credit,17,21,No,1
194597,POS,Shopping,Same City,Debit,10,19,No,0
32769,POS,Food,Same City,Credit,12,22,No,0
33467,Online,Gaming,Same City,Debit,5,19,No,0
106550,POS,Shopping,Same City,Credit,18,19,No,0
121993,Online,Electronics,Same City,Debit,23,5,No,0
74492,POS,Gaming,Same City,Debit,7,21,No,1
52300,Online,Shopping,International,Debit,2,14,Yes,1
165189,POS,Electronics,Same City,Credit,4,20,No,1
196960,ATM,Fuel,Different State,Credit,22,16,No,1
146220,Online,Fuel,Same City,Debit,21,16,No,0
156194,Online,Electronics,Same City,Debit,16,13,No,0
143721,Online,Shopping,Different State,Credit,7,26,No,1
136755,POS,Shopping,Same City,Debit,7,8,No,0
141697,Online,Shopping,Same City,Credit,6,2,No,0
86838,POS,Food,Same City,Credit,18,30,No,1
151013,Online,Shopping,Same City,Debit,13,17,No,0
143265,ATM,Fuel,Same City,Credit,15,0,No,0
175441,POS,Food,Same City,Credit,4,19,No,1
103390,POS,Gaming,Same City,Credit,14,5,No,1
99479,Online,Travel,Same City,Debit,8,24,No,1
110610,Online,Shopping,Same City,Credit,11,7,No,0
170953,Online,Shopping,Same City,Debit,19,4,No,0
124241,POS,Travel,Same City,Debit,11,5,No,0
196164,POS,Electronics,Same City,Credit,18,0,No,0
151041,POS,Jewellery,Same City,Debit,2,18,No,1
164527,Online,Electronics,Same City,Debit,3,25,No,1
10866,Online,Food,Same City,Credit,10,0,No,0
128603,Online,Jewellery,Different City,Debit,22,4,No,1
192460,POS,Gaming,Different City,Debit,15,14,No,1
191734,POS,Food,Same City,Debit,8,28,No,1
196832,POS,Gaming,Same City,Credit,10,5,No,1
93115,ATM,Food,Different State,Debit,8,17,No,0
50184,Online,Electronics,Same City,Debit,22,15,No,0
128765,Online,Shopping,Same City,Credit,7,9,No,0
96836,POS,Travel,Same City,Debit,10,11,No,0
71119,Online,Shopping,Different City,Credit,23,17,No,0
181022,Online,Shopping,Same City,Debit,16,19,No,0
26452,ATM,Food,Same City,Credit,22,17,No,0
12031,International,Travel,Different City,Credit,15,3,Yes,0
150587,Online,Travel,Same City,Debit,8,30,No,1
30007,ATM,Food,Same City,Debit,1,4,No,0
147645,International,Shopping,Same City,Credit,13,19,Yes,1
162214,Online,Travel,Same City,Credit,18,13,No,0
162898,Online,Jewellery,Same City,Debit,20,6,No,1
21382,Online,Shopping,Same City,Credit,14,22,No,0
76451,Online,Food,Same City,Debit,2,21,No,1
69451,ATM,Gaming,Different City,Debit,13,3,No,1
169873,Online,Food,Same City,Credit,9,19,No,0
149314,International,Food,Same City,Credit,12,30,Yes,1
141652,POS,Shopping,Same City,Credit,10,19,No,0
24040,Online,Electronics,Different State,Credit,0,24,No,0
70750,POS,Electronics,Same City,Credit,14,29,No,1
153540,Online,Fuel,International,Credit,13,10,Yes,1
27520,ATM,Food,Different City,Credit,12,26,No,0
9719,POS,Food,Same City,Debit,12,27,No,0
401,POS,Travel,Same City,Credit,11,19,No,0
164047,Online,Shopping,Same City,Credit,9,14,No,0
127164,Online,Jewellery,Different City,Credit,5,9,No,1
144869,Online,Shopping,Different State,Credit,3,20,No,1
130746,International,Food,Different City,Credit,15,15,Yes,1
144610,Online,Shopping,Different City,Debit,4,27,No,1
108874,Online,Electronics,Same City,Credit,23,9,No,0
152123,International,Travel,Same City,Credit,11,10,Yes,1
142556,Online,Jewellery,Different State,Debit,7,18,No,1
107782,Online,Electronics,Different City,Debit,12,21,No,1
171022,International,Travel,Same City,Credit,18,10,Yes,1
115523,Online,Fuel,Same City,Credit,20,4,No,0
69574,Online,Electronics,Different City,Debit,21,27,No,1
83110,POS,Fuel,Same City,Credit,19,2,No,0
179511,International,Jewellery,Different City,Credit,3,24,Yes,1
26447,Online,Electronics,Different State,Credit,1,9,No,0
113001,Online,Travel,Different City,Debit,5,5,No,1
100381,POS,Shopping,Different State,Credit,14,20,No,1
67032,POS,Fuel,Same City,Credit,17,5,No,0
90687,International,Food,International,Debit,14,27,Yes,1
100945,ATM,Shopping,Same City,Credit,9,22,No,1
172650,Online,Shopping,Different State,Debit,1,29,No,1
130314,ATM,Fuel,Different State,Credit,11,7,No,1
162862,Online,Electronics,Different City,Debit,4,20,No,1
164584,POS,Food,Same City,Credit,23,4,No,0
77461,Online,Food,Same City,Debit,11,16,No,0
71541,ATM,Food,Different State,Credit,9,23,No,1
30291,POS,Shopping,Different City,Credit,21,23,No,0
104279,International,Fuel,Same City,Debit,0,8,Yes,1
119319,Online,Electronics,Same City,Credit,20,30,No,1
177004,Online,Shopping,Different State,Credit,19,7,No,1
166667,ATM,Fuel,Same City,Credit,4,1,No,1
79887,International,Shopping,Same City,Credit,12,14,Yes,1
194909,POS,Travel,Different City,Debit,13,20,No,0
128379,POS,Jewellery,Same City,Debit,6,14,No,1
61995,ATM,Shopping,Different City,Credit,20,11,No,0
72420,Online,Shopping,Different State,Credit,21,6,No,0
156638,International,Shopping,Same City,Debit,18,6,Yes,1
145382,Online,Shopping,Different State,Credit,4,25,No,1
843,Online,Jewellery,International,Credit,5,3,Yes,0
6858,Online,Food,Different State,Credit,0,5,No,0
33328,POS,Travel,Different City,Credit,11,16,No,0
118590,POS,Jewellery,Same City,Debit,21,16,No,1
168747,International,Shopping,Same City,Credit,21,3,Yes,1
116377,Online,Shopping,Different City,Credit,8,19,No,0
143848,POS,Food,Different City,Credit,16,19,No,0
184067,Online,Gaming,Different State,Credit,6,13,No,1
59998,Online,Fuel,Same City,Debit,10,13,No,0
66917,Online,Shopping,International,Credit,2,2,Yes,1
195289,POS,Fuel,Different City,Credit,17,17,No,0
32142,Online,Fuel,International,Credit,23,1,Yes,0
157493,Online,Shopping,Same City,Credit,15,7,No,0
91880,ATM,Food,Different City,Credit,13,27,No,1
163081,POS,Gaming,Same City,Debit,22,8,No,0
71736,POS,Food,Same City,Credit,4,18,No,1
18341,Online,Gaming,Same City,Debit,6,12,No,0
89463,Online,Food,Same City,Debit,19,2,No,0
40884,Online,Gaming,Different City,Credit,21,13,No,0
115979,Online,Shopping,Same City,Credit,3,9,No,1
155586,POS,Gaming,Same City,Credit,19,1,No,0
79115,International,Electronics,Different City,Credit,3,0,Yes,1
112993,Online,Food,Different City,Credit,21,25,No,1
104189,ATM,Shopping,Same City,Debit,10,18,No,0
106117,POS,Food,Same City,Credit,10,5,No,0
162137,POS,Electronics,Same City,Credit,3,7,No,1
105075,POS,Food,Same City,Credit,10,24,No,1
133920,POS,Travel,Same City,Debit,11,23,No,1
169299,ATM,Shopping,Same City,Credit,19,4,No,0
171937,Online,Jewellery,Different City,Credit,18,24,No,1
178655,International,Travel,Different City,Debit,20,10,Yes,1
18000,POS,Gaming,Different State,Credit,11,16,No,0
121143,POS,Shopping,Different State,Credit,2,19,No,1
100889,POS,Travel,Different State,Debit,14,29,No,1
170975,Online,Gaming,Same City,Debit,14,3,No,1
90130,International,Shopping,Different City,Credit,22,14,Yes,1
137481,POS,Shopping,Same City,Credit,13,24,No,1
156832,Online,Gaming,Same City,Credit,17,21,No,1
66159,POS,Gaming,Different State,Debit,10,2,No,1
37174,International,Food,Different City,Debit,4,19,Yes,1
22308,Online,Food,Different State,Debit,21,22,No,0
193765,International,Fuel,Same City,Debit,16,11,Yes,0
81067,Online,Shopping,International,Credit,7,4,Yes,1
77640,ATM,Shopping,Different State,Debit,16,1,No,0
162113,Online,Food,Same City,Debit,19,25,No,1
189153,Online,Food,Different City,Credit,14,19,No,0
196324,ATM,Shopping,Same City,Debit,15,28,No,1
96527,POS,Gaming,Same City,Debit,12,16,No,1
42582,ATM,Fuel,Same City,Credit,20,15,No,0
145469,International,Electronics,Same City,Credit,2,24,Yes,1
117886,International,Shopping,Same City,Debit,7,26,Yes,1
91741,International,Food,Same City,Credit,12,2,Yes,1
7489,Online,Shopping,Different City,Credit,4,4,No,1
123951,POS,Shopping,Different City,Credit,0,28,No,1
67188,Online,Shopping,International,Debit,13,3,Yes,1
62395,Online,Shopping,Same City,Debit,14,2,No,0
131127,POS,Shopping,Same City,Credit,4,9,No,1
161268,Online,Gaming,Same City,Debit,16,11,No,1
138003,POS,Electronics,Same City,Credit,15,1,No,0
97958,Online,Shopping,Different State,Credit,23,21,No,1
152642,POS,Food,Same City,Credit,20,5,No,0
179585,POS,Electronics,Different City,Debit,2,22,No,1
120077,Online,Shopping,Different State,Debit,10,29,No,1
104492,International,Travel,Same City,Debit,6,9,Yes,1
12631,ATM,Food,Same City,Credit,12,23,No,0
101456,Online,Shopping,Different City,Credit,16,8,No,0
190700,Online,Food,International,Credit,9,10,Yes,1
86062,POS,Food,Different City,Credit,22,14,No,0
11203,POS,Fuel,Different City,Credit,20,25,No,0
19771,POS,Food,Same City,Debit,5,30,No,1
159371,POS,Food,Same City,Credit,20,11,No,0
148799,Online,Shopping,Same City,Credit,14,24,No,1
36195,POS,Food,Different City,Credit,3,0,No,1
130921,POS,Fuel,Same City,Debit,22,14,No,0
160499,Online,Fuel,Same City,Credit,2,14,No,1
187105,Online,Shopping,Different City,Debit,10,21,No,1
17123,POS,Food,Same City,Credit,22,29,No,0
45736,ATM,Travel,Same City,Credit,4,7,No,1
6990,Online,Gaming,Same City,Debit,4,19,No,0
17335,Online,Jewellery,Different City,Credit,13,26,No,0
32953,International,Gaming,Same City,Debit,11,4,Yes,0
144620,POS,Shopping,International,Credit,1,26,Yes,1
40212,Online,Shopping,International,Credit,16,28,Yes,0
20772,Online,Gaming,Different City,Credit,9,19,No,0
131846,POS,Gaming,Different City,Credit,19,23,No,1
88604,ATM,Travel,Different State,Credit,1,30,No,1
151297,Online,Shopping,Different City,Debit,0,15,No,1
143119,Online,Jewellery,Same City,Debit,21,12,No,1
19229,POS,Shopping,Same City,Credit,10,19,No,0
188414,Online,Jewellery,Same City,Credit,11,16,No,1
83754,Online,Shopping,Same City,Credit,1,9,No,1
161417,Online,Jewellery,Different State,Debit,18,23,No,1
41870,POS,Travel,Same City,Credit,0,2,No,1
132599,POS,Shopping,Different City,Credit,9,15,No,0
171610,POS,Food,Same City,Credit,4,28,No,1
95986,ATM,Food,Same City,Credit,6,11,No,0
19375,Online,Travel,Same City,Debit,19,21,No,0
33828,International,Food,Different State,Credit,11,24,Yes,0
158032,POS,Travel,Same City,Credit,10,25,No,1
119896,Online,Fuel,Same City,Debit,10,5,No,0
161711,POS,Food,Same City,Debit,17,15,No,0
78688,POS,Shopping,Same City,Credit,13,18,No,0
190239,ATM,Gaming,Different City,Credit,20,25,No,1
151743,POS,Electronics,Different City,Credit,20,23,No,1
99764,Online,Electronics,Same City,Debit,3,6,No,0
82332,Online,Food,Same City,Credit,19,29,No,1
192995,POS,Electronics,Same City,Credit,21,15,No,0
82348,International,Travel,Same City,Credit,21,24,Yes,1
178553,POS,Electronics,Different City,Credit,7,8,No,0
59047,International,Jewellery,Different State,Debit,22,22,Yes,1
125877,Online,Jewellery,Different State,Credit,3,18,No,1
99634,ATM,Food,Same City,Debit,4,9,No,0
187307,Online,Jewellery,Different City,Debit,6,6,No,1
71175,International,Electronics,Same City,Debit,18,7,Yes,1
175692,International,Shopping,Same City,Credit,10,22,Yes,1
178670,ATM,Shopping,Different City,Debit,13,20,No,0
124801,POS,Shopping,International,Credit,20,1,Yes,1
23551,POS,Shopping,Different City,Debit,1,29,No,0
109646,ATM,Shopping,Different State,Debit,12,25,No,1
196446,International,Jewellery,Different State,Credit,18,19,Yes,1
87929,Online,Jewellery,Same City,Credit,4,27,No,1
71622,Online,Shopping,Same City,Credit,8,22,No,1
193199,Online,Food,Different City,Credit,19,27,No,1
106396,ATM,Travel,Same City,Debit,5,4,No,1
65124,Online,Food,Same City,Credit,10,9,No,0
150276,Online,Gaming,Different City,Credit,3,14,No,1
106377,POS,Jewellery,Different State,Debit,22,3,No,1
77442,Online,Shopping,International,Credit,14,23,Yes,1
98043,Online,Travel,Same City,Credit,21,26,No,1
64971,POS,Gaming,Different State,Credit,16,22,No,1
147993,Online,Fuel,Different State,Credit,17,4,No,1
136504,Online,Electronics,Different City,Credit,16,14,No,0
118964,Online,Food,Different City,Credit,21,25,No,1
5806,Online,Fuel,Different City,Credit,1,13,No,0
16814,POS,Shopping,Different State,Debit,15,1,No,0
47281,ATM,Electronics,International,Debit,13,11,Yes,0
100364,Online,Fuel,Same City,Credit,21,27,No,1
171420,ATM,Shopping,International,Credit,4,23,Yes,1
1010,ATM,Jewellery,Same City,Debit,13,17,No,0
60305,Online,Food,Same City,Debit,23,24,No,1
173166,Online,Electronics,Different State,Credit,6,2,No,1
8901,Online,Electronics,Different State,Credit,1,12,No,0
141594,Online,Fuel,Same City,Credit,9,7,No,0
191862,POS,Gaming,Different State,Debit,7,9,No,1
173170,POS,Food,Same City,Credit,18,28,No,1
46010,POS,Food,Same City,Debit,20,21,No,0
137584,Online,Food,Same City,Credit,17,15,No,0
59172,Online,Electronics,Different State,Debit,17,13,No,0
146189,POS,Food,Same City,Credit,2,29,No,1
97375,Online,Electronics,Same City,Credit,21,19,No,0
19179,Online,Electronics,Different City,Credit,15,6,No,0
87384,Online,Fuel,Same City,Credit,23,3,No,0
197843,POS,Shopping,Different City,Credit,7,17,No,0
74302,Online,Travel,Same City,Credit,16,28,No,1
25949,ATM,Electronics,Different City,Credit,6,11,No,0
12084,POS,Shopping,Same City,Credit,18,18,No,0
77482,Online,Food,Same City,Debit,15,17,No,0
179628,Online,Electronics,Same City,Debit,23,15,No,0
192191,ATM,Shopping,Different City,Credit,17,20,No,0
137448,Online,Fuel,International,Debit,0,13,Yes,1
165434,Online,Electronics,Same City,Credit,11,1,No,0
174885,International,Fuel,Different City,Credit,17,17,Yes,1
4484,POS,Food,International,Credit,22,21,Yes,0
47093,Online,Shopping,Same City,Credit,16,8,No,0
70177,ATM,Shopping,International,Credit,7,22,Yes,1
179417,ATM,Shopping,International,Debit,1,2,Yes,1
98972,POS,Shopping,Same City,Credit,15,27,No,1
86940,POS,Fuel,Same City,Credit,1,7,No,1
181579,ATM,Travel,Same City,Credit,8,28,No,1
172619,Online,Jewellery,Same City,Debit,18,4,No,1
186933,ATM,Jewellery,Same City,Credit,18,26,No,1
177580,ATM,Food,Different City,Credit,22,23,No,1
195516,International,Shopping,Same City,Debit,10,19,Yes,1
156235,Online,Electronics,Same City,Credit,14,15,No,0
145075,International,Food,Different City,Debit,2,24,Yes,1
64705,POS,Shopping,Same City,Debit,20,4,No,0
83115,Online,Shopping,International,Credit,8,3,Yes,1
49223,Online,Travel,Same City,Credit,2,11,No,1
156580,POS,Food,Same City,Credit,12,24,No,1
146779,International,Jewellery,Different City,Credit,12,5,Yes,1
79039,Online,Shopping,Same City,Credit,9,15,No,0
94766,Online,Shopping,Different City,Credit,6,14,No,0
79964,Online,Food,Different State,Credit,10,14,No,0
170765,International,Shopping,Same City,Debit,6,15,Yes,1
104496,International,Food,Different City,Credit,18,25,Yes,1
98680,Online,Electronics,Same City,Debit,6,18,No,0
47266,POS,Travel,International,Credit,22,6,Yes,0
76470,ATM,Shopping,Different State,Debit,21,15,No,0
79485,Online,Gaming,Different City,Debit,2,14,No,1
125728,POS,Travel,International,Debit,13,17,Yes,0
94348,POS,Fuel,Different City,Debit,3,24,No,1
174345,Online,Gaming,Same City,Debit,21,20,No,1
197411,Online,Electronics,Same City,Credit,7,16,No,0
146374,POS,Gaming,Same City,Credit,21,18,No,1
39616,Online,Shopping,Same City,Credit,2,3,No,1
191504,Online,Food,Same City,Credit,15,11,No,0
114962,POS,Travel,Same City,Credit,22,3,No,1
90035,POS,Electronics,Same City,Debit,7,16,No,0
42078,Online,Food,Same City,Debit,20,5,No,0
172409,Online,Shopping,Different City,Credit,18,13,No,0
184842,Online,Food,Different City,Debit,18,3,No,0
140842,Online,Food,Same City,Credit,15,16,No,0
82257,POS,Gaming,Different City,Credit,14,19,No,1
176677,POS,Food,Different City,Credit,4,10,No,1
80153,Online,Food,Same City,Credit,19,4,No,0
110997,Online,Gaming,Different City,Debit,5,17,No,1
75816,Online,Food,Same City,Credit,11,30,No,0
35891,Online,Food,Different City,Debit,13,21,No,0
186259,ATM,Travel,Same City,Credit,7,9,No,1
59041,POS,Shopping,Same City,Debit,15,17,No,0
150233,Online,Electronics,Different State,Credit,1,24,No,1
143323,Online,Food,Different City,Debit,7,9,No,0
8549,Online,Food,Different State,Credit,3,24,No,0
55118,ATM,Gaming,Same City,Debit,20,13,No,1
36599,ATM,Fuel,Different State,Credit,17,8,No,0
44239,Online,Electronics,Same City,Credit,16,28,No,0
25062,Online,Electronics,Same City,Credit,8,27,No,0
183974,ATM,Shopping,Different City,Debit,21,12,No,0
151468,POS,Gaming,Same City,Credit,2,12,No,1
73035,POS,Fuel,Same City,Credit,18,0,No,0
192179,Online,Jewellery,Different City,Debit,2,25,No,1
57202,International,Fuel,Same City,Credit,9,10,Yes,1
34334,POS,Travel,Same City,Debit,1,1,No,0
120576,Online,Jewellery,Same City,Credit,13,6,No,1
34680,ATM,Food,Different State,Debit,2,20,No,0
21706,Online,Fuel,Same City,Credit,9,23,No,0
61479,Online,Shopping,Same City,Credit,2,4,No,1
136269,POS,Shopping,Different City,Debit,13,22,No,1
18667,Online,Shopping,Different State,Credit,11,28,No,0
100428,ATM,Electronics,Same City,Debit,4,2,No,1
2321,POS,Shopping,Same City,Credit,23,4,No,0
161600,POS,Fuel,Same City,Credit,3,18,No,1
92252,International,Food,Same City,Credit,2,7,Yes,1
157388,POS,Food,International,Credit,21,28,Yes,1
135824,POS,Shopping,Same City,Debit,7,15,No,0
63298,POS,Gaming,Same City,Debit,11,29,No,1
101507,ATM,Travel,Same City,Debit,15,30,No,1
19234,Online,Shopping,Same City,Credit,1,30,No,0
132904,Online,Electronics,Different City,Credit,12,2,No,0
141043,POS,Food,Same City,Credit,6,25,No,1
85755,Online,Gaming,Different State,Debit,2,9,No,1
191454,International,Shopping,Same City,Debit,3,14,Yes,1
14525,Online,Electronics,Different City,Credit,22,4,No,0
43047,POS,Food,Same City,Debit,8,5,No,0
196649,ATM,Food,Different State,Debit,0,10,No,1
71398,POS,Food,International,Debit,15,14,Yes,1
14633,POS,Travel,Same City,Credit,3,28,No,0
189572,Online,Electronics,Same City,Debit,0,7,No,0
95514,Online,Shopping,International,Debit,17,25,Yes,1
194261,POS,Shopping,Same City,Debit,10,8,No,0
149924,Online,Travel,Different State,Credit,16,1,No,1
18168,ATM,Fuel,Different State,Credit,2,17,No,0
96809,Online,Travel,Same City,Debit,14,11,No,0
129431,International,Electronics,Different City,Credit,7,4,Yes,0
107588,Online,Travel,Different City,Debit,0,30,No,1
199048,POS,Fuel,Different City,Credit,16,7,No,0
15801,International,Shopping,Same City,Credit,7,28,Yes,0
108380,POS,Food,International,Credit,3,16,Yes,1
103476,Online,Travel,Same City,Debit,7,9,No,0
82677,International,Food,Different State,Credit,14,8,Yes,1
53239,Online,Electronics,Same City,Credit,14,14,No,0
31750,POS,Jewellery,Same City,Credit,8,27,No,0
41417,ATM,Food,Different City,Debit,6,26,No,0
38982,Online,Shopping,Same City,Credit,21,9,No,0
45678,Online,Food,Same City,Debit,7,3,No,0
36745,Online,Shopping,Different State,Credit,6,26,No,0
180005,POS,Gaming,Different City,Credit,2,0,No,1
51939,International,Food,Same City,Debit,10,3,Yes,0
120947,Online,Jewellery,Same City,Debit,15,0,No,1
111947,Online,Shopping,Same City,Credit,4,1,No,1
161836,Online,Food,Same City,Credit,1,2,No,1
36075,Online,Gaming,Different State,Credit,17,25,No,1
100369,ATM,Food,Same City,Credit,18,16,No,0
70993,Online,Food,Same City,Debit,8,1,No,0
123749,POS,Electronics,International,Debit,3,7,Yes,1
69968,POS,Electronics,Different City,Debit,7,18,No,0
101922,Online,Fuel,Different State,Credit,18,10,No,1
182978,Online,Gaming,Different City,Credit,18,18,No,1
49444,ATM,Fuel,International,Credit,5,15,Yes,0
14824,Online,Shopping,Same City,Credit,19,6,No,0
89427,POS,Fuel,Different State,Credit,0,4,No,1
37233,ATM,Fuel,Different State,Debit,11,22,No,0
103803,POS,Food,Same City,Debit,23,30,No,1
167679,International,Gaming,Same City,Debit,22,28,Yes,1
93639,Online,Gaming,Same City,Credit,22,9,No,1
191158,Online,Electronics,Different City,Debit,18,1,No,0
83518,International,Jewellery,Same City,Credit,15,4,Yes,1
20496,Online,Jewellery,Same City,Debit,2,26,No,0
167636,POS,Food,Same City,Credit,22,2,No,0
28420,POS,Shopping,Same City,Credit,5,28,No,0
99377,Online,Food,Different State,Debit,18,20,No,1
59235,Online,Shopping,Different State,Credit,10,8,No,0
19551,Online,Fuel,Same City,Credit,2,10,No,0
160963,ATM,Electronics,Same City,Debit,19,28,No,1
14139,Online,Shopping,Same City,Debit,23,29,No,0
69637,POS,Food,Same City,Credit,17,26,No,1
14388,Online,Food,Same City,Debit,19,15,No,0
6846,Online,Gaming,International,Credit,3,9,Yes,0
123555,POS,Gaming,Same City,Credit,5,11,No,1
96936,Online,Shopping,Same City,Credit,8,18,No,0
197293,POS,Shopping,Different City,Debit,13,24,No,1
145223,Online,Food,Same City,Debit,21,27,No,1
150233,ATM,Travel,Same City,Debit,22,1,No,0
135580,ATM,Electronics,Different City,Credit,14,5,No,0
43921,International,Fuel,Same City,Credit,21,13,Yes,0
164523,Online,Gaming,Same City,Debit,2,2,No,1
104264,POS,Fuel,Same City,Debit,0,25,No,1
154129,POS,Food,Same City,Credit,18,18,No,0
26367,International,Travel,Same City,Credit,17,28,Yes,0
107812,Online,Gaming,Different City,Credit,5,8,No,1
162169,POS,Electronics,Same City,Debit,10,22,No,1
195593,POS,Food,Same City,Credit,9,9,No,0
128975,ATM,Electronics,International,Credit,9,23,Yes,1
84213,Online,Food,Different City,Credit,6,29,No,1
194334,POS,Travel,Same City,Credit,5,2,No,1
132953,Online,Electronics,Same City,Credit,5,6,No,1
52719,ATM,Shopping,Same City,Debit,22,6,No,0
121792,POS,Gaming,Same City,Credit,11,15,No,1
46652,International,Travel,Different City,Credit,8,23,Yes,1
23795,Online,Food,Same City,Credit,6,27,No,0
59111,POS,Food,Same City,Credit,21,0,No,0
34785,POS,Gaming,Same City,Credit,9,22,No,0
168590,Online,Fuel,Different State,Credit,6,14,No,1
136582,ATM,Food,Same City,Credit,21,30,No,1
98202,POS,Gaming,Same City,Debit,15,2,No,1
72578,POS,Fuel,Same City,Debit,20,9,No,0
135705,ATM,Fuel,Different State,Debit,19,12,No,1
178556,Online,Shopping,Same City,Credit,13,12,No,0
9358,POS,Jewellery,Different State,Credit,22,7,No,0
167430,ATM,Fuel,Different City,Credit,5,26,No,1
146441,Online,Shopping,Same City,Credit,17,24,No,1
178282,ATM,Gaming,Same City,Credit,9,13,No,1
86952,Online,Gaming,Same City,Credit,1,27,No,1
152225,International,Shopping,Different State,Credit,21,12,Yes,1
108393,Online,Fuel,Same City,Credit,13,18,No,0
120049,Online,Fuel,Same City,Credit,10,20,No,0
82259,POS,Shopping,Same City,Debit,5,18,No,1
128439,ATM,Electronics,Same City,Credit,13,12,No,0
125247,Online,Shopping,Same City,Credit,0,28,No,1
139307,Online,Electronics,Different City,Credit,22,28,No,1
33898,Online,Travel,Same City,Credit,1,9,No,0
119618,POS,Gaming,Same City,Debit,4,10,No,1
128597,Online,Shopping,International,Debit,12,0,Yes,1
190722,International,Shopping,Same City,Credit,3,11,Yes,1
9894,Online,Gaming,Different State,Debit,19,1,No,0
171428,ATM,Shopping,Same City,Credit,3,17,No,1
184090,Online,Electronics,Different City,Credit,21,3,No,0
70872,POS,Electronics,Same City,Debit,16,23,No,1
74209,Online,Shopping,Same City,Credit,8,26,No,1
52967,Online,Food,Same City,Credit,6,22,No,0
86765,Online,Shopping,Same City,Credit,18,21,No,1
23714,ATM,Shopping,Different City,Debit,20,7,No,0
77700,Online,Shopping,Different State,Debit,9,11,No,0
82074,Online,Shopping,Different State,Debit,0,27,No,1
169759,Online,Food,Same City,Debit,23,2,No,0
89942,Online,Food,International,Credit,12,22,Yes,1
110656,POS,Electronics,Same City,Debit,1,30,No,1
27287,Online,Gaming,Different State,Debit,5,19,No,0
94104,POS,Fuel,Different State,Debit,4,15,No,1
29705,ATM,Food,Same City,Debit,0,22,No,0
137677,ATM,Gaming,Different City,Debit,21,27,No,1
137228,POS,Gaming,Same City,Debit,15,11,No,1
168240,Online,Fuel,Different City,Debit,1,0,No,1
41237,POS,Travel,Same City,Credit,15,10,No,0
73017,Online,Shopping,Different City,Credit,7,2,No,0
150317,Online,Fuel,Same City,Credit,15,23,No,1
27007,Online,Shopping,Same City,Debit,19,30,No,0
79948,ATM,Travel,Different City,Credit,10,11,No,0
58536,ATM,Food,Different City,Credit,22,21,No,0
118728,Online,Electronics,Same City,Credit,20,30,No,1
143673,POS,Electronics,Same City,Credit,4,26,No,1
189252,Online,Food,Same City,Credit,12,6,No,0
50059,POS,Shopping,Same City,Debit,21,18,No,0
118197,POS,Gaming,Same City,Debit,0,16,No,1
145124,International,Fuel,Same City,Credit,5,22,Yes,1
191594,ATM,Shopping,Different City,Debit,10,16,No,0
109850,International,Fuel,Different City,Credit,10,9,Yes,1
35062,Online,Gaming,Different State,Credit,22,17,No,0
186713,POS,Travel,Same City,Credit,22,9,No,0
176358,Online,Electronics,International,Credit,17,22,Yes,1
186314,Online,Food,Same City,Credit,21,22,No,1
196149,ATM,Travel,Different State,Credit,0,16,No,1
99942,Online,Electronics,Same City,Debit,5,9,No,1
38485,ATM,Electronics,Same City,Debit,1,11,No,1
26964,POS,Electronics,Different City,Credit,20,17,No,0
134035,ATM,Electronics,Same City,Debit,12,12,No,0
179707,Online,Travel,Same City,Credit,19,27,No,1
116246,ATM,Fuel,Different City,Debit,18,17,No,0
51603,ATM,Jewellery,Same City,Credit,21,2,No,0
45659,POS,Shopping,Same City,Credit,8,4,No,0
66950,Online,Travel,International,Credit,10,19,Yes,1
164036,POS,Gaming,Same City,Credit,11,2,No,1
83424,POS,Jewellery,Same City,Debit,5,13,No,1
105853,Online,Shopping,Same City,Credit,11,9,No,0
197404,POS,Travel,Different City,Debit,20,0,No,0
90803,Online,Fuel,Different City,Debit,1,21,No,1
100074,International,Jewellery,Same City,Credit,9,0,Yes,1
98393,POS,Travel,Same City,Credit,20,6,No,0
21686,International,Shopping,International,Credit,0,20,Yes,0
175824,POS,Shopping,Different City,Debit,6,17,No,0
194447,ATM,Gaming,International,Debit,4,0,Yes,1
87057,Online,Shopping,Same City,Credit,2,18,No,1
67903,Online,Travel,Same City,Credit,12,21,No,1
1646,POS,Gaming,Different City,Credit,22,27,No,0
131915,Online,Electronics,Same City,Credit,14,12,No,0
173304,Online,Shopping,Same City,Debit,17,9,No,0
37868,Online,Fuel,International,Debit,20,11,Yes,0
3022,POS,Travel,Same City,Credit,19,12,No,0
22415,Online,Electronics,Different State,Credit,13,28,No,0
134462,Online,Shopping,Different City,Credit,3,5,No,1
148812,ATM,Fuel,International,Debit,14,20,Yes,1
76292,POS,Food,Same City,Credit,10,11,No,0
171928,Online,Food,Same City,Credit,15,14,No,0
172963,Online,Gaming,Different City,Credit,10,30,No,1
1366,Online,Electronics,Different City,Debit,8,26,No,0
178247,POS,Fuel,Same City,Credit,9,15,No,0
46177,POS,Shopping,Same City,Debit,17,6,No,0
164364,Online,Shopping,Same City,Credit,0,26,No,1
106303,ATM,Shopping,Same City,Credit,17,15,No,0
39063,Online,Shopping,Different State,Debit,9,4,No,0
133901,Online,Food,Same City,Credit,19,21,No,1
134877,Online,Shopping,Different City,Credit,4,23,No,1
94156,Online,Electronics,Same City,Credit,7,1,No,0
135860,International,Food,Same City,Credit,1,1,Yes,1
85053,Online,Jewellery,Different City,Credit,23,8,No,1
149564,Online,Gaming,Same City,Debit,2,16,No,1
58531,POS,Food,Different State,Credit,15,28,No,0
131653,ATM,Food,Same City,Credit,8,6,No,0
41350,Online,Electronics,Same City,Credit,10,23,No,0
177107,POS,Shopping,Same City,Debit,0,7,No,0
150436,POS,Shopping,Same City,Debit,4,1,No,1
47295,POS,Food,International,Debit,23,23,Yes,0
74405,International,Shopping,Different City,Credit,15,5,Yes,1
107780,POS,Electronics,Different State,Credit,21,16,No,1
189941,POS,Jewellery,Different City,Credit,12,12,No,1
4441,Online,Fuel,Same City,Credit,4,19,No,0
124846,International,Gaming,Different State,Credit,3,2,Yes,1
34264,International,Travel,Same City,Debit,21,20,Yes,0
110379,Online,Shopping,Same City,Credit,15,25,No,1
91986,POS,Electronics,Different City,Debit,3,13,No,1
125179,ATM,Fuel,Same City,Credit,17,13,No,0
1533,POS,Electronics,Different City,Credit,0,12,No,0
180393,ATM,Food,Same City,Credit,18,8,No,0
140636,Online,Food,Same City,Debit,6,13,No,0
146261,POS,Food,Different City,Credit,9,18,No,0
185041,Online,Shopping,Different State,Credit,7,14,No,1
42513,Online,Travel,Different State,Debit,19,22,No,0
13745,Online,Jewellery,Same City,Credit,4,15,No,0
114231,Online,Food,Same City,Debit,23,12,No,0
105126,POS,Travel,Different City,Credit,5,20,No,1
2907,Online,Gaming,Different State,Credit,1,25,No,0
135317,POS,Gaming,Different City,Credit,20,0,No,1
22865,International,Electronics,Same City,Credit,18,6,Yes,0
193280,POS,Fuel,Same City,Debit,17,29,No,1
91188,International,Food,Different City,Credit,12,18,Yes,0
45984,Online,Shopping,Same City,Credit,3,25,No,1
67652,ATM,Fuel,Different City,Debit,12,18,No,0
63872,ATM,Jewellery,Same City,Credit,18,27,No,0
30579,Online,Food,Different State,Credit,22,7,No,0
108214,International,Travel,Same City,Debit,7,9,Yes,1
176705,POS,Food,Different City,Credit,10,11,No,0
150495,Online,Jewellery,Different City,Debit,15,23,No,1
192888,Online,Food,Same City,Debit,19,11,No,0
28067,Online,Shopping,International,Credit,0,24,Yes,0
11179,ATM,Food,Same City,Debit,18,27,No,0
48038,International,Fuel,Same City,Credit,18,4,Yes,1
111033,POS,Travel,Same City,Credit,21,24,No,1
31653,POS,Travel,Different City,Credit,6,12,No,0
85411,Online,Fuel,Same City,Credit,8,15,No,0
90040,Online,Travel,Same City,Debit,11,11,No,0
73403,POS,Gaming,International,Debit,3,23,Yes,1
61914,POS,Fuel,Same City,Debit,23,4,No,0
2653,Online,Travel,International,Debit,16,17,Yes,0
127664,Online,Travel,Different City,Credit,22,5,No,0
66760,POS,Gaming,Same City,Credit,11,11,No,1
67658,Online,Food,Same City,Debit,19,6,No,0
170458,POS,Shopping,Different State,Credit,21,16,No,1
193175,Online,Shopping,Different City,Credit,4,27,No,1
88544,Online,Gaming,Same City,Debit,2,5,No,1
82277,Online,Food,Same City,Debit,8,28,No,1
95301,POS,Travel,Same City,Credit,0,4,No,1
173645,Online,Electronics,Different City,Credit,12,3,No,0
124142,POS,Shopping,Same City,Debit,2,3,No,1
40804,Online,Jewellery,Same City,Credit,23,9,No,0
33238,Online,Fuel,Same City,Debit,10,27,No,0
141810,International,Travel,Same City,Debit,17,5,Yes,1
119780,POS,Gaming,Different City,Credit,20,17,No,1
91108,POS,Shopping,Same City,Credit,13,8,No,0
2867,Online,Fuel,Different State,Credit,15,17,No,1
129056,International,Travel,Same City,Credit,9,19,Yes,1
1992,POS,Shopping,Different State,Credit,7,5,No,0
169442,Online,Food,Same City,Credit,7,16,No,0
160850,ATM,Electronics,Same City,Debit,8,13,No,0
18047,Online,Food,Different City,Debit,8,22,No,0
49327,Online,Shopping,International,Credit,3,9,Yes,1
187584,Online,Shopping,Same City,Credit,6,10,No,0
130751,International,Travel,Different State,Credit,4,1,Yes,1
102971,Online,Travel,Same City,Debit,12,26,No,0
187449,Online,Electronics,Same City,Debit,1,6,No,1
24731,POS,Jewellery,Same City,Debit,9,29,No,0
165031,POS,Electronics,Same City,Credit,15,20,No,0
94583,ATM,Fuel,Same City,Credit,20,13,No,0
43972,ATM,Gaming,Same City,Credit,1,18,No,1
124689,POS,Shopping,Different State,Credit,15,2,No,1
88815,International,Jewellery,Different City,Credit,20,4,Yes,1
28252,Online,Shopping,International,Debit,11,25,Yes,0
192301,Online,Electronics,Same City,Credit,1,15,No,1
146644,Online,Electronics,Same City,Credit,11,10,No,0
72274,ATM,Gaming,Different State,Credit,16,4,No,1
69135,POS,Travel,Different State,Credit,23,5,No,0
162559,ATM,Electronics,Same City,Debit,21,30,No,1
101678,Online,Electronics,Different City,Credit,9,10,No,0
84516,Online,Travel,Same City,Debit,4,5,No,1
53073,Online,Shopping,Same City,Debit,12,21,No,0
163670,POS,Food,Same City,Debit,2,0,No,1
54819,POS,Jewellery,Different State,Credit,20,1,No,0
194998,International,Food,Same City,Debit,19,8,Yes,1
192592,Online,Food,International,Debit,3,3,Yes,1
139471,Online,Shopping,Different City,Credit,5,17,No,1
108938,POS,Electronics,Different City,Debit,22,21,No,1
27389,Online,Shopping,Same City,Credit,5,17,No,0
116232,International,Fuel,Different City,Debit,11,13,Yes,1
112976,ATM,Food,Same City,Credit,12,24,No,1
195286,Online,Jewellery,Same City,Credit,23,1,No,1
156275,Online,Shopping,Different State,Credit,7,6,No,1
5788,ATM,Jewellery,Different State,Debit,16,17,No,0
149944,Online,Shopping,Same City,Credit,11,28,No,1
61178,Online,Food,Different City,Credit,6,23,No,1
85216,ATM,Shopping,Different State,Debit,18,26,No,1
156136,POS,Shopping,Different State,Credit,1,29,No,1
91307,ATM,Food,International,Credit,7,23,Yes,1
157989,International,Gaming,Different City,Credit,16,1,Yes,1
148188,Online,Travel,Same City,Credit,23,12,No,0
197452,POS,Travel,Same City,Credit,12,4,No,0
21738,POS,Electronics,Same City,Credit,12,16,No,0
183042,Online,Shopping,Different City,Credit,20,18,No,0
161579,International,Travel,Same City,Credit,13,10,Yes,1
151099,Online,Electronics,Same City,Credit,10,11,No,0
6445,ATM,Shopping,Same City,Debit,14,19,No,0
11864,International,Shopping,Different City,Credit,23,27,Yes,0
193976,Online,Jewellery,International,Debit,9,0,Yes,1
29270,Online,Travel,Same City,Debit,6,6,No,0
196801,Online,Travel,Different City,Credit,22,21,No,0
152931,International,Travel,Same City,Credit,6,25,Yes,1
71214,Online,Gaming,Same City,Credit,8,21,No,1
173141,Online,Shopping,Same City,Debit,12,7,No,0
133410,International,Shopping,Same City,Debit,17,2,Yes,1
131342,International,Travel,Different City,Credit,16,9,Yes,1
103227,POS,Shopping,Different City,Credit,9,7,No,0
131500,Online,Shopping,Same City,Credit,0,30,No,1
73551,Online,Food,Same City,Credit,23,12,No,0
177832,POS,Gaming,Same City,Credit,4,13,No,1
158793,Online,Travel,Same City,Credit,17,21,No,1
36304,Online,Electronics,Same City,Credit,4,20,No,1
41531,Online,Travel,International,Credit,10,26,Yes,0
190699,Online,Food,International,Debit,9,14,Yes,1
167045,International,Food,Different State,Credit,5,0,Yes,1
160527,POS,Gaming,Different City,Credit,7,21,No,0
20934,POS,Travel,Same City,Debit,22,20,No,0
101670,POS,Shopping,Same City,Credit,0,29,No,1
108377,Online,Electronics,Same City,Credit,5,29,No,1
115255,ATM,Travel,Same City,Credit,7,13,No,0
11064,POS,Fuel,Different City,Credit,23,18,No,0
137786,POS,Electronics,Same City,Credit,14,26,No,1
64514,POS,Food,Different City,Credit,16,24,No,1
13022,Online,Food,Different State,Debit,9,14,No,0
77280,POS,Shopping,Same City,Credit,20,14,No,0
131344,Online,Electronics,International,Debit,4,12,Yes,1
118297,Online,Travel,Different State,Debit,14,2,No,1
181429,POS,Electronics,Same City,Debit,2,3,No,1
166318,Online,Travel,Same City,Debit,16,19,No,0
99368,POS,Shopping,Same City,Credit,21,27,No,1
38007,Online,Electronics,Same City,Credit,14,9,No,0
30916,ATM,Jewellery,Same City,Debit,0,14,No,0
130816,POS,Shopping,Different State,Credit,18,21,No,1
107618,Online,Gaming,Same City,Debit,8,19,No,1
54530,Online,Shopping,Different City,Credit,1,21,No,1
158247,Online,Jewellery,Same City,Credit,5,5,No,1
160293,POS,Electronics,Different City,Credit,14,23,No,1
9495,Online,Food,Same City,Credit,2,24,No,0
144402,Online,Travel,Same City,Debit,10,16,No,0
55109,POS,Gaming,Same City,Debit,20,16,No,1
126889,POS,Gaming,Different State,Debit,13,19,No,1
68168,POS,Jewellery,Same City,Credit,18,15,No,1
165737,POS,Fuel,Different State,Credit,9,6,No,0
6387,POS,Electronics,Different City,Credit,19,13,No,0
87601,Online,Fuel,Same City,Debit,22,9,No,0
17882,Online,Travel,Same City,Credit,21,10,No,0
189996,POS,Jewellery,Different State,Credit,10,29,No,1
124487,ATM,Gaming,Same City,Debit,17,28,No,1
108615,International,Shopping,Same City,Credit,21,10,Yes,1
5006,Online,Electronics,Different State,Debit,11,2,No,0
73620,ATM,Food,Same City,Credit,5,18,No,1
49220,POS,Fuel,Different City,Debit,10,22,No,1
108593,Online,Fuel,Same City,Debit,9,6,No,0
45978,Online,Electronics,Different State,Debit,14,16,No,1
126627,International,Shopping,Same City,Credit,16,9,Yes,1
37663,ATM,Shopping,International,Credit,4,6,Yes,1
120520,Online,Fuel,Same City,Credit,1,21,No,1
22926,Online,Fuel,Same City,Debit,23,9,No,1
198934,Online,Fuel,Same City,Credit,8,17,No,0
115735,POS,Food,Same City,Credit,19,17,No,0
54253,POS,Travel,Same City,Debit,9,18,No,0
18775,Online,Fuel,Same City,Credit,0,15,No,0
13326,Online,Shopping,Same City,Credit,19,28,No,0
181012,POS,Gaming,Same City,Debit,22,24,No,1
139949,Online,Jewellery,Different City,Credit,2,26,No,1
183233,POS,Travel,Different City,Debit,14,15,No,0
58766,Online,Fuel,Same City,Credit,5,22,No,1
86693,ATM,Fuel,Same City,Credit,15,3,No,0
121011,ATM,Food,Same City,Credit,16,3,No,0
187342,ATM,Food,Different City,Debit,17,14,No,0
108481,Online,Shopping,Same City,Credit,2,10,No,1
182043,POS,Electronics,Same City,Debit,17,22,No,1
173799,POS,Electronics,Different City,Debit,3,18,No,1
85395,POS,Fuel,Same City,Debit,2,19,No,1
156444,ATM,Food,Same City,Debit,2,6,No,1
152344,International,Gaming,Same City,Credit,4,14,Yes,1
102331,POS,Food,Same City,Debit,9,18,No,0
178242,Online,Jewellery,Same City,Debit,11,2,No,1
160398,International,Food,Same City,Credit,11,28,Yes,1
14027,Online,Travel,International,Credit,9,27,Yes,1
113271,POS,Food,Same City,Credit,12,13,No,0
173767,Online,Shopping,Different City,Debit,11,26,No,1
75720,International,Electronics,Same City,Credit,0,4,Yes,1
127685,POS,Jewellery,Same City,Credit,13,27,No,1
182392,POS,Food,Same City,Credit,17,26,No,1
93241,Online,Food,Same City,Credit,23,7,No,0
70682,Online,Travel,Same City,Debit,18,15,No,0
29765,POS,Jewellery,Same City,Debit,16,27,No,0
73348,POS,Shopping,Different State,Credit,15,20,No,0
175400,Online,Gaming,Different State,Credit,1,28,No,1
2926,POS,Travel,Same City,Debit,13,11,No,0
77332,Online,Shopping,International,Debit,23,25,Yes,1
16200,POS,Gaming,Different City,Debit,9,25,No,0
7256,Online,Shopping,Same City,Debit,8,8,No,0
73755,Online,Food,Different City,Debit,18,23,No,1
117187,Online,Shopping,Different State,Credit,5,25,No,1
8774,Online,Shopping,Same City,Debit,4,26,No,0
108351,ATM,Shopping,Same City,Debit,6,18,No,0
90559,Online,Food,Different State,Credit,14,12,No,1
124950,POS,Electronics,Same City,Credit,22,12,No,0
38150,POS,Food,Same City,Debit,12,21,No,0
139102,POS,Shopping,Different State,Debit,13,19,No,1
71557,Online,Food,Same City,Debit,12,14,No,0
196469,Online,Electronics,Different State,Credit,21,22,No,1
82221,POS,Electronics,Different State,Credit,3,16,No,1
117001,Online,Electronics,Same City,Credit,19,2,No,0
155849,POS,Fuel,International,Debit,22,30,Yes,1
158614,Online,Gaming,Different State,Credit,5,28,No,1
48403,Online,Travel,International,Debit,8,24,Yes,0
175101,ATM,Food,Same City,Credit,1,12,No,1
15844,Online,Fuel,Same City,Credit,6,19,No,0
169309,POS,Shopping,Different City,Credit,20,3,No,0
187637,Online,Shopping,Same City,Debit,14,0,No,0
39121,POS,Shopping,Same City,Credit,4,22,No,1
102684,POS,Travel,International,Credit,13,12,Yes,1
18476,POS,Shopping,International,Debit,15,3,Yes,0
94188,Online,Food,Same City,Debit,20,2,No,0
89245,Online,Travel,Different City,Debit,5,17,No,0
100806,POS,Food,Same City,Credit,22,11,No,0
165982,Online,Shopping,Same City,Credit,18,7,No,0
16613,ATM,Gaming,Same City,Debit,14,30,No,0
9810,Online,Food,Different City,Credit,6,25,No,0
137232,POS,Electronics,Different State,Credit,18,7,No,1
9767,POS,Travel,Same City,Debit,19,1,No,0
170175,Online,Shopping,Same City,Credit,3,14,No,1
155038,Online,Fuel,Same City,Credit,19,7,No,0
53221,Online,Fuel,International,Debit,10,3,Yes,1
151086,POS,Food,International,Credit,1,18,Yes,1
16673,Online,Shopping,Same City,Debit,17,5,No,0
152664,Online,Shopping,Different State,Debit,5,0,No,1
21260,Online,Shopping,Same City,Debit,9,13,No,0
124883,POS,Shopping,Different City,Credit,13,7,No,0
160148,POS,Gaming,Different City,Debit,2,20,No,1
79057,Online,Shopping,Same City,Credit,16,3,No,0
199625,International,Travel,Same City,Debit,6,8,Yes,1
29638,ATM,Electronics,International,Credit,5,5,Yes,0
11402,Online,Food,Same City,Credit,19,25,No,0
118889,Online,Electronics,International,Credit,0,15,Yes,1
18675,ATM,Electronics,Different City,Credit,6,23,No,0
85476,Online,Shopping,Same City,Credit,13,27,No,1
57945,Online,Gaming,Same City,Credit,6,29,No,1
46777,Online,Shopping,Different City,Debit,8,6,No,0
8513,POS,Shopping,Same City,Debit,14,13,No,0
90166,Online,Food,Same City,Debit,19,28,No,1
145001,ATM,Shopping,Different State,Credit,6,18,No,1
121410,Online,Electronics,Different City,Credit,10,13,No,0
155229,International,Fuel,Different State,Credit,1,1,Yes,1
192376,ATM,Shopping,Same City,Credit,22,26,No,1
129936,Online,Travel,Same City,Debit,6,4,No,0
62768,POS,Shopping,Same City,Credit,22,14,No,0
195996,POS,Jewellery,Same City,Credit,22,12,No,1
97203,POS,Electronics,Same City,Debit,12,28,No,1
139277,Online,Food,Same City,Debit,17,18,No,0
179580,Online,Fuel,Different City,Credit,21,11,No,0
29189,Online,Travel,Same City,Credit,20,17,No,0
147099,POS,Shopping,International,Credit,3,20,Yes,1
197304,POS,Jewellery,Same City,Debit,7,10,No,1
70186,POS,Food,Same City,Credit,14,15,No,0
32267,POS,Travel,Different State,Debit,14,19,No,0
176603,International,Fuel,International,Credit,14,2,Yes,1
46974,Online,Jewellery,Same City,Credit,22,4,No,0
53644,POS,Gaming,Same City,Debit,17,29,No,0
90985,Online,Electronics,Same City,Credit,0,27,No,1
136315,POS,Food,Same City,Debit,10,15,No,0
182778,POS,Travel,Same City,Credit,9,5,No,0
59549,POS,Jewellery,Different City,Credit,11,9,No,1
43711,POS,Shopping,Same City,Credit,5,26,No,1
174781,ATM,Shopping,Same City,Debit,18,4,No,0
97007,Online,Travel,Same City,Credit,11,4,No,0
141622,International,Travel,Same City,Credit,15,24,Yes,1
120172,International,Shopping,International,Credit,16,10,Yes,1
77578,POS,Food,International,Debit,18,21,Yes,1
148272,POS,Jewellery,Same City,Credit,15,28,No,0
177835,POS,Food,Same City,Debit,14,11,No,0
14526,POS,Shopping,Same City,Debit,8,6,No,1
141241,ATM,Electronics,International,Debit,12,6,Yes,1
158217,POS,Jewellery,Different State,Credit,4,22,No,1
96996,Online,Shopping,Same City,Credit,14,27,No,1
56643,POS,Food,International,Debit,9,5,Yes,1
111205,POS,Food,Different State,Credit,4,6,No,1
137804,International,Shopping,International,Debit,2,0,Yes,1
71751,Online,Travel,Different City,Debit,4,6,No,1
100178,Online,Travel,Different State,Credit,18,9,No,1
194048,POS,Shopping,Same City,Credit,20,26,No,1
32652,POS,Fuel,Same City,Credit,22,20,No,0
31388,ATM,Travel,International,Credit,11,18,Yes,0
114412,ATM,Gaming,Same City,Debit,3,11,No,1
150901,Online,Food,Different City,Credit,14,28,No,1
93786,Online,Food,Same City,Debit,11,1,No,0
138934,POS,Shopping,Same City,Debit,3,19,No,1
142630,Online,Food,Different State,Debit,8,21,No,1
95133,Online,Gaming,Different State,Credit,16,9,No,1
127213,Online,Jewellery,Same City,Credit,16,7,No,1
146548,POS,Fuel,Same City,Credit,17,22,No,1
29975,Online,Fuel,Same City,Credit,0,15,No,0
181254,Online,Fuel,Different State,Credit,10,5,No,1
7639,POS,Shopping,Same City,Debit,22,7,No,0
55108,Online,Shopping,Different City,Debit,2,0,No,1
198630,Online,Shopping,Same City,Debit,18,1,No,0
66425,Online,Food,Same City,Credit,3,29,No,1
154136,International,Shopping,Same City,Credit,23,30,Yes,1
152078,Online,Shopping,Same City,Debit,7,16,No,0
26079,ATM,Electronics,Same City,Debit,9,5,No,0
140904,Online,Electronics,International,Debit,22,15,Yes,1
154602,Online,Electronics,Same City,Debit,12,13,No,0
59751,Online,Electronics,Same City,Credit,16,4,No,0
94799,POS,Travel,Same City,Credit,3,12,No,1
157488,POS,Electronics,Different State,Credit,13,9,No,1
112287,Online,Shopping,Different State,Credit,21,11,No,1
176826,POS,Shopping,Same City,Debit,2,3,No,1
105121,POS,Jewellery,Different City,Debit,5,2,No,1
52289,Online,Gaming,International,Credit,13,23,Yes,1
187138,ATM,Gaming,Different City,Debit,12,11,No,1
158216,International,Jewellery,Same City,Credit,14,3,Yes,1
128377,POS,Gaming,Same City,Credit,1,26,No,1
177861,Online,Shopping,Different City,Credit,9,19,No,0
199374,Online,Electronics,Different City,Debit,6,9,No,0
128616,POS,Travel,Different State,Credit,0,30,No,1
112928,ATM,Shopping,Same City,Debit,14,14,No,1
46465,POS,Fuel,Same City,Debit,15,13,No,0
187722,Online,Electronics,Different City,Credit,17,21,No,1
123260,POS,Fuel,Same City,Credit,15,18,No,0
161827,POS,Electronics,Same City,Credit,18,1,No,0
96152,Online,Electronics,Same City,Debit,10,12,No,0
90577,International,Food,Same City,Credit,7,20,Yes,1
22366,International,Shopping,Same City,Credit,0,17,Yes,0
120924,POS,Food,Same City,Credit,0,22,No,1
5929,International,Food,Same City,Credit,15,3,Yes,0
54077,Online,Travel,Different City,Credit,19,9,No,0
114392,Online,Gaming,International,Credit,17,6,Yes,1
12560,Online,Gaming,Different State,Debit,2,22,No,0
24933,POS,Food,Different City,Credit,13,6,No,0
20196,POS,Food,Different State,Credit,17,10,No,0
105560,Online,Travel,Different City,Credit,0,20,No,1
49000,POS,Shopping,International,Debit,14,8,Yes,0
139749,ATM,Fuel,Different State,Debit,23,20,No,1
52698,Online,Shopping,Same City,Debit,9,27,No,0
83633,ATM,Fuel,Different City,Debit,8,26,No,1
42196,Online,Gaming,Same City,Credit,6,0,No,0
81506,POS,Travel,Same City,Debit,1,6,No,1
35864,Online,Electronics,Same City,Credit,20,27,No,1
189492,POS,Shopping,Different State,Credit,19,9,No,1
106794,ATM,Electronics,Different State,Credit,23,26,No,1
29442,POS,Travel,Same City,Debit,18,30,No,0
137793,Online,Fuel,Same City,Credit,10,10,No,0
193362,Online,Electronics,Same City,Credit,4,3,No,1
72070,Online,Food,Different City,Credit,11,22,No,1
83065,POS,Travel,Same City,Credit,4,11,No,1
96500,ATM,Shopping,International,Debit,23,21,Yes,1
14432,POS,Electronics,Same City,Credit,9,20,No,0
95220,International,Electronics,Same City,Credit,14,12,Yes,0
103116,International,Fuel,Same City,Debit,7,9,Yes,1
42102,International,Gaming,Different State,Debit,13,25,Yes,1
21096,ATM,Jewellery,Same City,Credit,10,22,No,0
26418,ATM,Electronics,Same City,Credit,19,23,No,0
193506,Online,Electronics,Different City,Debit,5,20,No,1
168160,Online,Food,Different City,Credit,2,3,No,1
135462,POS,Electronics,Different City,Credit,19,21,No,1
83828,POS,Fuel,Same City,Credit,18,26,No,1
73971,Online,Food,Same City,Debit,18,7,No,1
6121,International,Gaming,Different City,Debit,14,6,Yes,0
44338,Online,Gaming,Different City,Credit,11,5,No,0
30862,Online,Travel,Different State,Debit,21,15,No,0
187156,Online,Jewellery,Different State,Credit,23,15,No,1
113164,ATM,Gaming,International,Credit,21,6,Yes,1
107192,ATM,Shopping,International,Credit,14,29,Yes,1
152904,POS,Travel,Same City,Credit,10,22,No,1
55731,POS,Electronics,Different City,Credit,3,17,No,1
87357,International,Travel,Same City,Debit,21,30,Yes,1
186108,POS,Shopping,Same City,Debit,9,12,No,0
34765,International,Travel,Different City,Credit,16,15,Yes,0
122805,Online,Food,Same City,Credit,3,10,No,0
33620,POS,Jewellery,Same City,Credit,13,9,No,0
69100,POS,Electronics,Same City,Credit,5,10,No,1
128884,ATM,Shopping,Different State,Debit,14,1,No,1
14404,Online,Shopping,Same City,Debit,13,3,No,0
129837,Online,Food,Different City,Credit,15,3,No,0
38911,Online,Shopping,Different State,Credit,5,23,No,1
71610,POS,Gaming,Same City,Debit,0,16,No,1
47435,Online,Shopping,Different City,Debit,10,0,No,0
178525,Online,Food,International,Credit,10,4,Yes,0
120747,ATM,Gaming,Same City,Debit,19,21,No,0
11594,POS,Jewellery,Same City,Debit,23,29,No,0
149301,Online,Fuel,Different State,Credit,1,23,No,1
157987,Online,Food,Same City,Debit,12,2,No,1
54684,Online,Electronics,Same City,Debit,20,4,No,0
128772,ATM,Electronics,International,Debit,19,4,Yes,1
25295,ATM,Travel,Same City,Debit,15,8,No,0
111005,Online,Food,Same City,Credit,20,13,No,0
134669,Online,Travel,Same City,Debit,4,29,No,1
165135,POS,Shopping,Same City,Credit,15,9,No,0
33599,POS,Food,Same City,Credit,18,1,No,0
11921,POS,Travel,Same City,Credit,23,18,No,0
93281,Online,Shopping,Same City,Credit,21,14,No,0
47864,ATM,Shopping,Same City,Debit,10,18,No,0
198635,POS,Gaming,Same City,Debit,5,6,No,1
195929,International,Food,Different City,Credit,0,0,Yes,1
3587,Online,Travel,Different City,Debit,23,19,No,0
79477,POS,Jewellery,Same City,Debit,22,21,No,1
79439,Online,Shopping,Same City,Debit,22,6,No,0
54948,POS,Shopping,Same City,Debit,17,6,No,0
121584,Online,Food,Same City,Debit,23,22,No,1
127252,POS,Fuel,Different City,Credit,18,26,No,1
13448,Online,Shopping,Different State,Credit,13,27,No,0
151792,POS,Travel,Same City,Credit,15,16,No,0
160399,International,Fuel,Different State,Credit,1,16,Yes,0
151200,Online,Shopping,Different State,Credit,15,3,No,1
169492,Online,Electronics,Same City,Credit,6,15,No,0
60944,POS,Gaming,Different City,Debit,22,21,No,1
77011,POS,Food,Same City,Debit,20,23,No,1
123917,ATM,Fuel,Different City,Credit,23,2,No,0
33941,Online,Shopping,Same City,Debit,15,9,No,0
146069,Online,Shopping,Different State,Credit,5,5,No,1
132083,Online,Shopping,Same City,Debit,3,17,No,1
67686,International,Electronics,Different City,Debit,17,8,Yes,1
181014,ATM,Gaming,Same City,Credit,14,25,No,1
198219,Online,Shopping,Different City,Debit,3,26,No,1
133087,Online,Gaming,Different State,Debit,5,23,No,1
115841,ATM,Travel,Different State,Credit,11,10,No,1
32339,ATM,Food,Same City,Debit,7,26,No,0
89575,Online,Shopping,Same City,Debit,13,11,No,0
64443,Online,Electronics,Same City,Credit,13,13,No,0
120359,International,Travel,Different City,Debit,14,4,Yes,1
188221,ATM,Jewellery,Same City,Credit,5,13,No,1
199117,Online,Jewellery,Same City,Credit,20,22,No,1
136356,International,Food,Different State,Debit,9,23,Yes,1
90318,Online,Food,Same City,Debit,22,12,No,0
53874,ATM,Gaming,Different City,Credit,11,28,No,0
170167,Online,Shopping,Same City,Credit,10,12,No,0
194100,ATM,Travel,Same City,Credit,16,17,No,0
89414,ATM,Shopping,Same City,Debit,18,8,No,0
79776,POS,Jewellery,Same City,Credit,11,8,No,1
93023,Online,Electronics,International,Credit,18,23,Yes,0
88961,International,Fuel,International,Credit,20,21,Yes,1
156219,Online,Food,Different City,Debit,18,21,No,1
99102,POS,Shopping,Same City,Credit,11,14,No,0
186652,Online,Food,Same City,Credit,4,15,No,1
20566,Online,Travel,Different City,Credit,12,27,No,0
130864,POS,Jewellery,Different City,Debit,23,13,No,1
37939,POS,Travel,Same City,Debit,16,27,No,0
182151,Online,Travel,Different City,Debit,11,29,No,1
157805,ATM,Shopping,Same City,Credit,16,4,No,0
80034,International,Food,Same City,Debit,4,25,Yes,1
12853,International,Food,Same City,Credit,23,15,Yes,1
143633,Online,Fuel,Same City,Credit,18,14,No,0
99008,POS,Electronics,Different City,Debit,16,20,No,0
118046,POS,Shopping,Different City,Credit,19,21,No,1
101611,Online,Food,Same City,Debit,14,23,No,1
23307,ATM,Electronics,Different City,Debit,22,9,No,0
32548,POS,Shopping,International,Credit,1,30,Yes,0
49748,ATM,Travel,Same City,Debit,17,5,No,0
72179,ATM,Shopping,Different City,Debit,14,2,No,0
159183,Online,Gaming,Same City,Debit,10,13,No,1
6406,ATM,Food,Same City,Credit,3,17,No,0
37857,Online,Electronics,Same City,Debit,21,5,No,0
85373,Online,Electronics,Same City,Credit,4,13,No,1
67715,Online,Fuel,Same City,Credit,19,18,No,0
133432,ATM,Food,Same City,Credit,14,17,No,0
127022,Online,Gaming,Different State,Credit,17,30,No,1
26710,Online,Travel,Different State,Credit,13,14,No,0
166770,POS,Electronics,Same City,Credit,5,25,No,1
111184,International,Travel,Same City,Debit,19,9,Yes,1
43978,Online,Jewellery,Same City,Credit,21,12,No,0
165829,Online,Fuel,Same City,Credit,17,18,No,0
23618,Online,Shopping,Same City,Credit,8,28,No,0
160124,POS,Fuel,Different State,Debit,20,8,No,1
185633,POS,Shopping,International,Credit,14,30,Yes,1
4261,International,Shopping,International,Debit,0,28,Yes,1
45591,Online,Fuel,Different City,Debit,17,2,No,0
170256,POS,Travel,Different State,Debit,14,21,No,1
98764,ATM,Food,Same City,Debit,22,0,No,0
97219,International,Food,Same City,Credit,8,21,Yes,1
93900,Online,Fuel,Different City,Debit,7,7,No,0
95258,Online,Travel,Different City,Debit,0,6,No,1
167462,Online,Fuel,Different City,Credit,17,6,No,0
148396,POS,Gaming,Same City,Credit,23,2,No,1
149496,ATM,Fuel,Different City,Credit,21,0,No,0
181762,POS,Gaming,Different City,Debit,0,30,No,1
176549,International,Shopping,International,Credit,13,8,Yes,1
135967,POS,Food,Different City,Debit,7,1,No,0
110216,POS,Food,Same City,Credit,18,25,No,0
193416,Online,Electronics,International,Debit,6,5,Yes,1
16574,POS,Shopping,Same City,Debit,18,25,No,0
87735,ATM,Shopping,Same City,Debit,1,26,No,1
62160,International,Electronics,Different City,Debit,20,14,Yes,1
22522,International,Fuel,Same City,Debit,22,2,Yes,0
16353,International,Food,Same City,Debit,2,3,Yes,0
146706,Online,Fuel,Same City,Debit,13,7,No,0
173042,POS,Travel,Same City,Credit,19,19,No,0
170735,International,Electronics,Same City,Credit,6,3,Yes,1
156121,POS,Gaming,Different State,Debit,4,20,No,1
93263,Online,Electronics,Same City,Credit,1,1,No,1
153329,Online,Jewellery,Different City,Credit,17,24,No,1
123182,Online,Food,Same City,Credit,18,21,No,1
15125,Online,Fuel,Different City,Credit,11,6,No,0
168017,International,Electronics,Same City,Debit,22,22,Yes,1
157324,POS,Fuel,Different City,Credit,9,13,No,0
27585,POS,Electronics,Same City,Credit,0,20,No,0
60464,POS,Shopping,Same City,Debit,10,25,No,1
53922,Online,Fuel,Same City,Credit,11,0,No,0
37429,Online,Shopping,Different City,Debit,1,0,No,1
74575,Online,Fuel,Different City,Credit,17,7,No,0
5734,Online,Food,Same City,Debit,4,12,No,0
29189,Online,Shopping,Same City,Credit,11,21,No,0
138230,International,Jewellery,Different State,Debit,2,3,Yes,1
34387,ATM,Shopping,Same City,Credit,19,13,No,0
64207,International,Electronics,Different City,Debit,9,25,Yes,1
64894,Online,Electronics,Different State,Debit,18,28,No,1
190756,Online,Travel,Different City,Credit,16,12,No,0
169201,ATM,Food,Same City,Credit,22,11,No,0
126793,POS,Travel,Same City,Credit,18,20,No,1
57647,ATM,Travel,Same City,Credit,13,28,No,0
41311,International,Food,Different City,Credit,2,9,Yes,1
92263,Online,Shopping,Same City,Credit,14,14,No,0
96441,ATM,Food,Same City,Credit,7,8,No,0
94234,International,Food,Same City,Credit,2,25,Yes,1
59801,Online,Shopping,Same City,Credit,6,21,No,0
79455,POS,Electronics,Different State,Credit,19,4,No,0
197332,POS,Travel,Same City,Debit,9,26,No,1
105956,International,Fuel,Different City,Credit,20,16,Yes,1
39233,ATM,Shopping,Different City,Credit,7,16,No,0
144964,ATM,Electronics,Same City,Debit,10,27,No,1
183061,Online,Food,Different State,Credit,4,18,No,1
80203,International,Shopping,Different State,Debit,10,7,Yes,1
179868,ATM,Electronics,Different City,Credit,18,0,No,0
8543,International,Shopping,International,Credit,20,25,Yes,0
159440,POS,Food,Same City,Debit,2,17,No,1
124560,Online,Travel,Same City,Debit,2,5,No,1
145041,Online,Fuel,Different City,Credit,6,2,No,0
101259,Online,Shopping,Different City,Credit,1,11,No,1
45143,Online,Fuel,Same City,Debit,4,17,No,1
194910,Online,Jewellery,Different State,Credit,6,9,No,1
186136,POS,Shopping,Different City,Credit,6,16,No,0
120412,Online,Shopping,Same City,Credit,12,19,No,0
137950,Online,Travel,Same City,Credit,1,23,No,1
169523,ATM,Travel,Different City,Debit,9,12,No,0
46008,Online,Shopping,Different City,Credit,12,29,No,0
183213,POS,Food,International,Credit,5,8,Yes,1
141064,Online,Fuel,Different City,Debit,6,29,No,1
199817,POS,Jewellery,Same City,Credit,10,13,No,1
66361,Online,Shopping,Same City,Debit,21,23,No,1
90187,POS,Fuel,Same City,Credit,3,22,No,1
85850,POS,Travel,Same City,Credit,21,7,No,0
114846,Online,Fuel,Different State,Credit,0,19,No,1
77208,Online,Electronics,Same City,Debit,0,21,No,1
115615,Online,Shopping,Same City,Debit,6,14,No,0
166506,ATM,Gaming,Different City,Debit,12,22,No,1
13840,POS,Shopping,Same City,Credit,7,11,No,0
52525,Online,Food,International,Credit,6,21,Yes,1
57920,International,Shopping,Different State,Debit,23,5,Yes,0
134448,Online,Food,Different City,Credit,6,29,No,1
112266,Online,Shopping,Same City,Credit,12,20,No,0
102122,Online,Shopping,Different City,Credit,19,11,No,1
57394,Online,Electronics,Same City,Debit,22,17,No,0
149313,Online,Jewellery,Different City,Debit,22,12,No,1
181954,Online,Shopping,Different City,Debit,21,15,No,0
4726,POS,Gaming,Same City,Debit,7,16,No,0
3584,Online,Gaming,Different State,Credit,23,13,No,0
162567,Online,Shopping,Same City,Credit,12,6,No,0
62507,International,Gaming,International,Debit,10,4,Yes,1
168816,ATM,Shopping,Different State,Credit,9,24,No,0
192218,Online,Shopping,Same City,Debit,21,7,No,0
182625,POS,Gaming,Same City,Credit,14,20,No,0
128981,Online,Shopping,Different City,Credit,6,4,No,0
155454,POS,Electronics,Same City,Credit,13,23,No,1
43133,POS,Shopping,Same City,Credit,9,18,No,0
166719,Online,Fuel,Same City,Debit,11,12,No,0
123494,Online,Travel,Different City,Debit,15,0,No,0
112139,ATM,Electronics,International,Credit,4,17,Yes,1
67547,Online,Food,Same City,Credit,15,2,No,0
187497,POS,Shopping,Same City,Credit,16,23,No,1
128931,Online,Food,Same City,Debit,12,15,No,0
154321,Online,Fuel,International,Credit,18,5,Yes,1
114472,International,Electronics,Different City,Credit,22,15,Yes,1
96616,POS,Gaming,International,Debit,7,15,Yes,0
94842,POS,Electronics,Different City,Debit,8,19,No,0
178637,Online,Shopping,Different City,Debit,5,0,No,1
24297,POS,Fuel,Same City,Credit,2,16,No,0
110972,Online,Food,Different City,Credit,17,21,No,1
153737,Online,Food,Different State,Debit,2,3,No,1
90380,ATM,Food,Same City,Debit,22,9,No,1
44244,ATM,Shopping,Same City,Debit,16,13,No,0
192262,Online,Shopping,Same City,Credit,15,5,No,0
28998,POS,Fuel,Same City,Credit,5,25,No,0
68087,International,Fuel,Same City,Debit,3,27,Yes,1
21021,Online,Food,Same City,Credit,18,7,No,0
176471,ATM,Shopping,Same City,Debit,21,18,No,0
11073,Online,Travel,Same City,Debit,8,29,No,0
198519,Online,Food,Same City,Debit,10,26,No,1
94789,POS,Food,Same City,Credit,10,25,No,1
119878,ATM,Food,Different State,Debit,0,19,No,1
139201,Online,Electronics,Different State,Credit,19,21,No,1
124670,POS,Gaming,Same City,Debit,10,0,No,1
12094,International,Electronics,Different City,Credit,15,12,Yes,0
21430,Online,Jewellery,International,Credit,21,27,Yes,0
26433,POS,Food,Same City,Credit,16,28,No,0
187969,POS,Shopping,Different State,Credit,21,17,No,1
122469,Online,Food,Same City,Debit,7,7,No,0
197560,International,Electronics,Same City,Debit,0,5,Yes,1
85690,International,Electronics,Same City,Credit,15,30,Yes,1
32369,POS,Jewellery,Different City,Credit,22,10,No,0
151087,ATM,Gaming,Different City,Credit,22,23,No,1
100147,POS,Electronics,International,Credit,7,7,Yes,1
76377,Online,Shopping,Different City,Debit,23,30,No,1
96500,Online,Food,Same City,Debit,9,1,No,0
49870,ATM,Jewellery,Same City,Credit,21,29,No,0
136349,POS,Gaming,Same City,Credit,14,10,No,1
77910,ATM,Travel,Same City,Debit,4,23,No,1
184378,Online,Food,Same City,Debit,8,27,No,1
125478,POS,Shopping,Same City,Debit,1,25,No,1
187995,Online,Electronics,Different State,Debit,1,29,No,1
47029,ATM,Electronics,Same City,Debit,5,0,No,1
88550,Online,Travel,Same City,Credit,2,16,No,1
74120,POS,Shopping,Different State,Credit,4,10,No,1
152244,ATM,Shopping,International,Credit,20,5,Yes,1
115937,POS,Food,Same City,Credit,23,6,No,0
2494,Online,Fuel,Same City,Debit,4,12,No,0
112064,POS,Shopping,Same City,Credit,15,5,No,0
30861,International,Gaming,Different City,Debit,20,23,Yes,0
9011,Online,Food,Same City,Credit,5,20,No,0
181449,International,Electronics,Same City,Credit,20,12,Yes,1
171331,Online,Shopping,Same City,Credit,20,21,No,1
59065,Online,Gaming,Different City,Credit,23,3,No,1
47573,Online,Jewellery,Different City,Credit,4,3,No,1
187210,International,Electronics,Same City,Debit,0,12,Yes,1
140718,ATM,Travel,Same City,Debit,17,22,No,1
170939,Online,Electronics,International,Debit,5,27,Yes,1
47269,Online,Food,Same City,Credit,18,6,No,0
23121,POS,Fuel,Same City,Debit,16,9,No,0
142818,Online,Jewellery,Different City,Credit,1,30,No,1
77012,POS,Food,Different City,Debit,16,29,No,1
92405,POS,Travel,Different City,Debit,1,7,No,0
37237,Online,Fuel,International,Debit,6,18,Yes,0
33783,POS,Food,Same City,Credit,20,28,No,0
119655,Online,Food,Same City,Debit,17,6,No,0
192166,Online,Gaming,Different City,Debit,18,21,No,1
134167,POS,Food,Same City,Debit,13,12,No,1
158332,Online,Food,Same City,Debit,13,2,No,0
23424,Online,Food,Same City,Debit,7,8,No,1
98969,International,Shopping,International,Debit,3,5,Yes,1
80460,POS,Fuel,Same City,Credit,18,27,No,1
71155,POS,Fuel,Same City,Debit,12,5,No,0
194426,POS,Electronics,Different City,Debit,12,15,No,0
68011,Online,Travel,Same City,Credit,12,18,No,0
13958,International,Gaming,Same City,Debit,21,19,Yes,0
120106,Online,Jewellery,Different State,Credit,8,30,No,1
188441,ATM,Fuel,Same City,Debit,9,13,No,0
23729,POS,Shopping,Same City,Credit,18,1,No,0
75034,POS,Travel,Different State,Debit,13,21,No,1
191674,Online,Travel,Different City,Debit,17,22,No,1
3743,POS,Fuel,Different City,Debit,22,17,No,0
64122,International,Gaming,International,Debit,16,21,Yes,1
159319,Online,Shopping,International,Debit,7,5,Yes,1
35048,POS,Jewellery,Same City,Credit,11,3,No,0
178112,Online,Travel,Different City,Credit,9,15,No,0
55953,Online,Gaming,Same City,Debit,20,16,No,1
9387,International,Fuel,Different State,Credit,0,19,Yes,0
78310,Online,Shopping,Different State,Credit,11,0,No,0
129086,Online,Travel,Different State,Credit,15,0,No,1
172232,Online,Travel,Same City,Credit,5,17,No,1
28593,International,Gaming,Same City,Credit,23,13,Yes,1
186017,Online,Shopping,Same City,Credit,23,10,No,0
42124,POS,Jewellery,International,Debit,3,13,Yes,1
130010,ATM,Electronics,Same City,Debit,12,16,No,0
194582,ATM,Food,Same City,Credit,0,4,No,1
131172,Online,Electronics,Same City,Debit,13,19,No,0
113956,POS,Food,Same City,Credit,19,4,No,0
49084,Online,Electronics,Different State,Debit,7,21,No,0
52112,POS,Electronics,Same City,Debit,19,5,No,0
155078,POS,Shopping,Same City,Credit,8,6,No,0
111852,Online,Shopping,Different State,Credit,16,9,No,1
60767,Online,Food,Same City,Credit,1,9,No,1
95409,Online,Food,Same City,Credit,1,5,No,0
13765,POS,Food,Same City,Credit,19,3,No,0
66229,International,Food,Same City,Credit,0,21,Yes,1
34259,Online,Electronics,Same City,Debit,16,19,No,0
170558,Online,Gaming,Same City,Credit,20,23,No,1
10858,POS,Fuel,Different City,Credit,22,14,No,0
19729,International,Gaming,Same City,Credit,6,17,Yes,0
11584,Online,Food,Different City,Debit,17,11,No,0
117666,POS,Shopping,Same City,Credit,16,29,No,1
5834,Online,Food,International,Credit,18,1,Yes,0
181976,Online,Fuel,Same City,Credit,16,2,No,0
196898,POS,Travel,Same City,Debit,6,5,No,1
150019,Online,Electronics,Different State,Debit,14,16,No,1
137744,Online,Fuel,Same City,Credit,3,5,No,1
139971,Online,Shopping,Same City,Debit,4,8,No,1
13605,POS,Shopping,Different State,Credit,0,20,No,0
158738,International,Food,International,Debit,8,23,Yes,1
160396,Online,Jewellery,Different City,Credit,11,7,No,1
73419,Online,Jewellery,Same City,Debit,18,3,No,1
180485,Online,Gaming,Different State,Debit,17,6,No,1
57939,Online,Shopping,Different City,Debit,12,4,No,0
191415,POS,Food,Different State,Credit,5,14,No,1
46266,Online,Travel,Different City,Debit,0,9,No,1
46691,ATM,Electronics,Same City,Credit,13,7,No,0
169214,International,Shopping,Same City,Debit,0,19,Yes,1
100760,Online,Fuel,Different City,Debit,1,4,No,1
22014,Online,Jewellery,Different City,Debit,0,30,No,0
142279,POS,Food,Different City,Credit,15,24,No,1
116577,ATM,Food,Same City,Credit,17,22,No,1
142604,Online,Fuel,Same City,Credit,16,28,No,1
37281,Online,Shopping,Same City,Credit,11,20,No,0
179515,Online,Fuel,Different State,Credit,5,3,No,1
73975,Online,Gaming,Same City,Debit,2,28,No,0
39710,Online,Travel,Different City,Debit,4,28,No,1
79153,POS,Food,Different State,Credit,15,21,No,1
69673,ATM,Electronics,Same City,Credit,4,24,No,1
84053,Online,Food,Different State,Debit,2,3,No,1
190602,Online,Shopping,International,Credit,12,11,Yes,1
111205,POS,Jewellery,Different City,Debit,4,25,No,1
64563,Online,Travel,Same City,Credit,17,26,No,1
22019,POS,Food,Different City,Debit,23,7,No,0
61754,Online,Shopping,Different State,Credit,15,30,No,1
28976,Online,Food,Different State,Debit,4,9,No,0
144672,International,Fuel,Same City,Debit,1,23,Yes,1
182494,POS,Food,Same City,Debit,11,1,No,0
173835,POS,Travel,Different City,Credit,4,11,No,1
64337,Online,Travel,Different State,Credit,5,15,No,1
196211,POS,Jewellery,Same City,Debit,14,25,No,1
3562,Online,Shopping,Different State,Credit,5,16,No,0
104011,ATM,Electronics,Different State,Credit,8,29,No,1
80324,POS,Food,Same City,Debit,16,12,No,0
32902,POS,Food,Same City,Credit,23,17,No,0
20339,ATM,Travel,Same City,Debit,12,5,No,0
97480,POS,Shopping,Same City,Credit,19,24,No,1
7452,Online,Shopping,Same City,Credit,0,24,No,0
49315,POS,Gaming,Same City,Credit,18,18,No,1
126927,Online,Food,International,Credit,11,24,Yes,1
104469,POS,Food,Same City,Credit,4,22,No,1
86953,Online,Electronics,Same City,Debit,4,0,No,1
100268,POS,Fuel,Same City,Credit,21,14,No,0
164189,Online,Electronics,Different State,Debit,20,4,No,1
42317,International,Travel,International,Debit,16,29,Yes,0
117404,ATM,Food,Same City,Debit,13,1,No,0
179111,Online,Shopping,Different City,Credit,4,18,No,1
130522,Online,Shopping,Different City,Credit,2,15,No,1
82339,Online,Food,Same City,Credit,11,2,No,0
186393,ATM,Food,Same City,Credit,14,20,No,0
32597,International,Travel,Same City,Credit,13,27,Yes,0
178511,Online,Food,Different State,Debit,11,2,No,1
132729,POS,Fuel,International,Credit,20,1,Yes,1
64277,POS,Travel,Same City,Credit,12,5,No,0
19230,Online,Fuel,Different City,Credit,14,20,No,0
121958,Online,Shopping,Same City,Debit,12,24,No,1
105356,Online,Food,International,Credit,22,23,Yes,1
73074,POS,Travel,International,Credit,6,10,Yes,1
157668,ATM,Shopping,Different State,Debit,15,6,No,1
6114,International,Electronics,Same City,Debit,2,4,Yes,0
106286,Online,Fuel,Same City,Credit,6,21,No,1
48355,ATM,Shopping,Different State,Credit,9,5,No,0
109964,POS,Travel,Different State,Debit,13,11,No,1
149605,Online,Shopping,Different State,Credit,2,23,No,1
161715,Online,Gaming,Different State,Debit,23,23,No,1
39554,ATM,Jewellery,Same City,Credit,21,13,No,0
189442,Online,Travel,Different State,Credit,14,20,No,1
25644,Online,Electronics,Same City,Debit,5,19,No,0
91348,Online,Shopping,Different City,Debit,11,26,No,1
79252,ATM,Travel,Different State,Debit,20,14,No,0
92303,Online,Travel,Same City,Debit,3,29,No,1
112398,Online,Travel,Same City,Credit,9,27,No,1
178431,Online,Food,Different City,Debit,3,2,No,1
27313,Online,Shopping,International,Credit,23,24,Yes,0
142898,Online,Food,Different City,Credit,9,27,No,1
58526,ATM,Travel,Same City,Debit,3,11,No,1
121720,Online,Fuel,Different City,Debit,0,30,No,1
58803,POS,Food,Different City,Credit,13,21,No,0
108773,Online,Shopping,Different State,Debit,16,26,No,1
83323,Online,Jewellery,International,Credit,12,6,Yes,1
103205,ATM,Fuel,Different City,Credit,20,12,No,0
45638,Online,Food,Same City,Credit,22,25,No,0
31130,POS,Electronics,Different State,Debit,8,26,No,0
84616,Online,Shopping,Same City,Debit,18,4,No,1
185586,POS,Jewellery,Different City,Credit,23,4,No,1
166420,POS,Food,Same City,Debit,9,6,No,0
64391,POS,Fuel,Same City,Credit,1,8,No,1
37788,POS,Gaming,Different City,Credit,14,29,No,0
28169,Online,Food,Same City,Credit,11,29,No,0
102545,Online,Electronics,Same City,Credit,20,2,No,0
110176,Online,Food,Different State,Debit,5,9,No,0
46939,POS,Gaming,Different State,Credit,10,11,No,0
161057,POS,Shopping,Same City,Credit,3,6,No,1
140597,Online,Travel,Same City,Debit,3,28,No,1
85962,Online,Shopping,Different City,Credit,8,15,No,0
24209,Online,Travel,Same City,Debit,15,13,No,0
104942,International,Food,Same City,Debit,22,8,Yes,1
27073,POS,Electronics,Same City,Debit,23,15,No,0
117057,Online,Electronics,Different State,Debit,19,12,No,1
148772,Online,Fuel,Different State,Credit,1,30,No,1
153944,Online,Gaming,Different State,Debit,16,11,No,1
30154,Online,Food,Different State,Credit,2,6,No,0
97608,Online,Food,Same City,Debit,22,10,No,0
148858,ATM,Fuel,Different City,Credit,19,6,No,0
27079,POS,Electronics,International,Debit,21,2,Yes,0
169515,Online,Electronics,Same City,Credit,6,1,No,0
130818,Online,Food,Same City,Credit,19,10,No,0
62076,POS,Food,Different City,Debit,0,29,No,1
34456,ATM,Food,Different State,Debit,1,10,No,0
18306,POS,Fuel,Same City,Credit,10,24,No,0
21010,POS,Food,Different City,Credit,22,14,No,0
168159,International,Shopping,Same City,Debit,0,7,Yes,0
2825,Online,Jewellery,Different State,Debit,7,5,No,0
189920,International,Food,Different State,Debit,22,27,Yes,1
11392,Online,Jewellery,Same City,Credit,19,25,No,0
70855,POS,Jewellery,Different City,Credit,10,27,No,1
153226,ATM,Jewellery,Same City,Credit,3,16,No,1
151589,POS,Travel,Same City,Debit,15,7,No,0
77756,POS,Food,Different State,Credit,20,23,No,1
182280,Online,Jewellery,Same City,Credit,6,14,No,1
49361,POS,Food,Different State,Debit,16,27,No,0
81843,POS,Gaming,Different State,Credit,4,7,No,1
101176,International,Fuel,Same City,Debit,6,2,Yes,1
43143,POS,Jewellery,Different City,Credit,14,28,No,0
28988,Online,Fuel,Same City,Credit,21,16,No,0
69719,Online,Travel,Same City,Credit,12,16,No,0
87587,Online,Food,Same City,Debit,23,29,No,1
77171,Online,Shopping,Same City,Debit,16,13,No,0
13173,POS,Jewellery,Same City,Credit,1,18,No,0
17361,POS,Food,Different State,Debit,12,12,No,0
57742,POS,Fuel,Same City,Credit,6,11,No,0
185135,POS,Electronics,Same City,Credit,22,19,No,0
80138,ATM,Electronics,Same City,Debit,5,5,No,1
119432,Online,Shopping,Same City,Credit,5,8,No,1
44854,POS,Fuel,Different City,Debit,18,0,No,0
64983,POS,Shopping,Same City,Debit,9,26,No,1
131996,Online,Shopping,Same City,Credit,23,10,No,0
192727,Online,Travel,Different City,Credit,14,0,No,0
79040,POS,Fuel,Different State,Debit,19,15,No,0
179874,POS,Gaming,Same City,Credit,7,21,No,1
93736,POS,Shopping,Different City,Debit,11,6,No,0
50914,International,Food,Same City,Credit,20,21,Yes,1
117873,International,Fuel,Same City,Debit,11,28,Yes,1
154541,Online,Jewellery,Same City,Credit,16,22,No,1
160628,Online,Electronics,Different City,Debit,11,9,No,0
2284,POS,Electronics,Same City,Credit,9,19,No,0
42726,Online,Food,Different State,Credit,1,6,No,1
155570,Online,Travel,Same City,Credit,0,1,No,1
91907,ATM,Electronics,Same City,Debit,17,4,No,0
187060,Online,Jewellery,Same City,Credit,2,9,No,1
124140,International,Shopping,Different City,Credit,12,30,Yes,1
68587,International,Gaming,Same City,Credit,10,25,Yes,1
179228,ATM,Food,Same City,Credit,9,2,No,0
164810,POS,Shopping,Different State,Debit,3,4,No,1
182062,Online,Jewellery,Different City,Credit,13,14,No,1
107646,POS,Fuel,Same City,Debit,2,24,No,1
79369,ATM,Gaming,Same City,Debit,18,28,No,1
198106,ATM,Shopping,Different City,Credit,16,14,No,0
22292,Online,Fuel,Different City,Credit,3,26,No,0
126313,POS,Fuel,Same City,Credit,16,23,No,1
184013,Online,Shopping,Different City,Credit,7,28,No,1
40673,Online,Food,International,Credit,15,19,Yes,0
30170,Online,Shopping,Different State,Credit,7,6,No,0
6563,ATM,Food,Same City,Credit,12,15,No,0
61684,ATM,Travel,Different State,Debit,21,19,No,0
38437,POS,Shopping,Different State,Debit,5,16,No,1
143409,Online,Travel,Same City,Credit,18,15,No,0
72237,Online,Electronics,Same City,Credit,13,4,No,1
119921,Online,Food,Different City,Credit,20,28,No,1
116617,Online,Fuel,International,Credit,23,14,Yes,1
41601,Online,Fuel,Same City,Credit,22,16,No,0
16553,Online,Shopping,Different City,Credit,14,22,No,0
36810,Online,Electronics,Same City,Credit,20,15,No,0
123767,POS,Shopping,Different City,Credit,21,16,No,0
183015,Online,Jewellery,Same City,Debit,12,2,No,0
192219,Online,Shopping,Same City,Debit,15,10,No,0
192159,ATM,Shopping,Different State,Debit,12,24,No,1
16974,Online,Food,Same City,Debit,14,24,No,0
165589,ATM,Jewellery,Same City,Debit,12,4,No,1
150512,POS,Shopping,Same City,Debit,7,6,No,0
113887,ATM,Fuel,Same City,Credit,20,30,No,1
53456,Online,Shopping,Same City,Debit,18,17,No,0
89415,Online,Electronics,Different State,Debit,15,6,No,1
149619,ATM,Travel,Same City,Debit,4,25,No,1
112169,POS,Fuel,Different City,Credit,16,9,No,0
130834,Online,Gaming,Same City,Credit,9,29,No,1
102447,POS,Shopping,Different State,Debit,2,17,No,1
135827,International,Travel,Same City,Credit,22,28,Yes,1
123564,International,Jewellery,Different City,Credit,13,8,Yes,1
15669,Online,Travel,Different City,Debit,21,29,No,0
61865,POS,Fuel,Different City,Debit,1,11,No,1
109214,POS,Gaming,Same City,Credit,4,8,No,1
27379,Online,Travel,Different City,Credit,9,25,No,0
59804,Online,Shopping,Different State,Debit,17,19,No,0
178866,POS,Shopping,Same City,Credit,12,22,No,1
183951,Online,Shopping,Same City,Debit,11,11,No,0
114532,International,Shopping,Same City,Credit,13,23,Yes,1
140666,POS,Jewellery,Same City,Debit,1,2,No,1
115064,Online,Shopping,Same City,Debit,7,9,No,0
104385,POS,Shopping,Same City,Credit,17,6,No,0
192833,ATM,Fuel,Different State,Credit,9,30,No,1
144647,Online,Gaming,Same City,Credit,22,17,No,1
14255,Online,Food,International,Credit,2,6,Yes,0
136675,Online,Electronics,Same City,Credit,4,1,No,1
183166,Online,Electronics,International,Credit,1,8,Yes,1
100809,Online,Jewellery,Same City,Debit,12,15,No,0
100393,Online,Shopping,Same City,Credit,13,17,No,0
80092,Online,Electronics,International,Debit,10,29,Yes,1
68921,ATM,Gaming,Different City,Credit,19,13,No,1
191262,International,Electronics,Different State,Credit,23,29,Yes,1
140284,POS,Gaming,Different City,Credit,5,30,No,1
195563,International,Shopping,Different State,Credit,21,30,Yes,1
65618,ATM,Food,Different City,Credit,8,11,No,0
65770,ATM,Fuel,Different City,Credit,18,21,No,1
69441,ATM,Food,Same City,Credit,1,30,No,1
167280,ATM,Shopping,Same City,Debit,8,28,No,1
82420,International,Food,Same City,Debit,8,27,Yes,1
59716,POS,Shopping,Different City,Credit,3,20,No,0
179522,POS,Food,Same City,Credit,7,1,No,0
68009,International,Shopping,Different State,Debit,17,22,Yes,0
61624,Online,Shopping,Same City,Credit,7,6,No,0
97449,ATM,Electronics,Same City,Credit,9,4,No,1
159212,ATM,Food,Same City,Debit,15,30,No,1
163131,Online,Food,Same City,Credit,18,0,No,0
55538,ATM,Travel,Different State,Credit,18,22,No,0
56426,Online,Gaming,Different City,Credit,20,2,No,1
58972,POS,Jewellery,Different City,Debit,17,23,No,1
138448,ATM,Gaming,Different City,Credit,10,8,No,1
150896,Online,Shopping,Same City,Debit,11,7,No,0
196233,International,Electronics,Same City,Debit,13,11,Yes,1
147020,POS,Fuel,Different City,Debit,14,25,No,1
149349,ATM,Jewellery,International,Credit,13,21,Yes,1
36312,POS,Electronics,Same City,Credit,13,13,No,0
39001,POS,Gaming,Different State,Debit,14,0,No,0
109840,Online,Travel,International,Debit,4,27,Yes,0
113194,Online,Shopping,Same City,Credit,16,29,No,1
110818,Online,Food,Different City,Debit,3,10,No,1
88348,POS,Gaming,International,Credit,23,29,Yes,1
117775,International,Gaming,Different City,Credit,15,22,Yes,1
48190,POS,Gaming,Different State,Credit,4,28,No,0
155564,Online,Gaming,Same City,Credit,16,23,No,1
25501,Online,Travel,Same City,Credit,16,18,No,0
111954,Online,Food,Different City,Debit,1,26,No,1
191723,Online,Travel,Different City,Debit,3,11,No,1
31177,Online,Travel,Same City,Credit,8,19,No,0
60832,POS,Shopping,Same City,Debit,5,0,No,1
10518,International,Travel,Different State,Credit,0,11,Yes,0
149827,Online,Food,Same City,Credit,3,22,No,1
31541,Online,Food,Same City,Debit,8,23,No,0
92825,ATM,Electronics,Same City,Credit,5,16,No,1
118972,POS,Travel,Different State,Debit,10,28,No,1
113707,Online,Electronics,Same City,Credit,17,21,No,1
164223,Online,Gaming,Same City,Credit,12,27,No,1
176614,Online,Travel,Same City,Credit,15,9,No,0
166501,ATM,Jewellery,Different State,Debit,0,13,No,1
146307,POS,Electronics,Same City,Debit,19,12,No,0
61629,POS,Travel,Different City,Credit,9,26,No,1
76676,POS,Travel,Different City,Credit,17,15,No,0
57491,Online,Fuel,Different City,Credit,14,10,No,0
111475,Online,Travel,Same City,Credit,22,12,No,0
126909,ATM,Fuel,Different City,Debit,0,9,No,1
56488,ATM,Electronics,Same City,Debit,8,21,No,0
102697,ATM,Food,Same City,Credit,15,23,No,1
166893,ATM,Food,Same City,Credit,5,17,No,1
164015,Online,Jewellery,Different City,Credit,17,0,No,1
5635,ATM,Shopping,Different City,Debit,17,2,No,0
136060,Online,Travel,International,Debit,12,27,Yes,1
76170,ATM,Fuel,Same City,Credit,23,7,No,0
9556,ATM,Electronics,Same City,Credit,15,1,No,0
79127,Online,Gaming,Different City,Credit,23,3,No,1
99152,POS,Shopping,Different City,Credit,2,2,No,1
189397,POS,Electronics,Same City,Debit,17,19,No,0
25149,POS,Electronics,Same City,Debit,9,25,No,0
134410,POS,Food,Same City,Credit,20,18,No,0
76446,Online,Shopping,Same City,Credit,9,29,No,1
132900,Online,Shopping,Same City,Credit,11,24,No,1
28491,POS,Gaming,Same City,Debit,14,11,No,0
28660,POS,Food,Different State,Debit,3,17,No,0
128501,POS,Shopping,Same City,Debit,16,23,No,1
199481,Online,Electronics,Same City,Credit,10,26,No,1
84364,POS,Gaming,Different State,Credit,6,24,No,1
128216,POS,Food,Different City,Credit,22,15,No,0
194003,International,Shopping,Same City,Debit,12,4,Yes,1
42591,POS,Shopping,Same City,Debit,3,1,No,1
129909,Online,Fuel,Same City,Debit,17,13,No,0
77891,Online,Jewellery,Different City,Debit,8,16,No,1
97521,POS,Shopping,Same City,Debit,19,30,No,1
136252,POS,Travel,Same City,Credit,23,23,No,1
35578,Online,Electronics,Same City,Credit,5,4,No,1
1568,Online,Shopping,Different City,Credit,10,3,No,0
122965,POS,Shopping,Different City,Debit,11,20,No,1
50599,Online,Fuel,Different State,Credit,9,11,No,0
105814,International,Travel,Different City,Credit,18,4,Yes,1
56838,Online,Food,Same City,Debit,18,20,No,0
86649,POS,Fuel,Different City,Debit,23,27,No,1
124200,Online,Shopping,Same City,Credit,19,4,No,0
124740,ATM,Food,Different State,Credit,16,25,No,1
174384,POS,Food,Different City,Credit,12,12,No,0
185237,POS,Food,Same City,Credit,19,26,No,1
43646,International,Fuel,Different City,Debit,17,14,Yes,0
65777,POS,Travel,Same City,Credit,0,27,No,1
122278,ATM,Food,Same City,Debit,6,12,No,0
196086,International,Shopping,Same City,Credit,18,9,Yes,1
96796,International,Travel,Same City,Credit,20,8,Yes,1
104510,Online,Electronics,Same City,Debit,18,26,No,0
188327,International,Jewellery,Different City,Credit,15,23,Yes,1
196861,POS,Shopping,Same City,Debit,22,4,No,0
46475,ATM,Shopping,Same City,Debit,1,14,No,1
16438,Online,Fuel,Same City,Debit,20,19,No,0
87306,ATM,Fuel,Same City,Debit,18,23,No,1
135455,Online,Gaming,Same City,Debit,1,2,No,1
199668,POS,Electronics,Same City,Credit,8,19,No,0
132604,Online,Gaming,Different State,Debit,9,8,No,1
30958,Online,Travel,Different City,Credit,14,2,No,0
23840,Online,Shopping,Same City,Debit,0,24,No,0
2836,Online,Food,Same City,Debit,7,9,No,0
168479,International,Fuel,Different City,Debit,9,1,Yes,1
75355,Online,Shopping,Same City,Credit,6,8,No,0
46528,International,Food,Same City,Credit,11,18,Yes,1
168350,POS,Fuel,Different City,Credit,18,12,No,0
149184,Online,Electronics,Same City,Debit,9,6,No,0
132159,POS,Electronics,Same City,Credit,6,8,No,0
68479,Online,Shopping,Different City,Credit,4,14,No,1
97691,POS,Gaming,Different State,Credit,3,20,No,1
2170,Online,Travel,Same City,Debit,5,29,No,0
42762,POS,Shopping,Same City,Debit,14,18,No,0
114124,POS,Travel,Same City,Debit,19,10,No,0
105259,Online,Jewellery,Different State,Debit,16,3,No,1
70711,International,Food,Same City,Credit,9,28,Yes,1
182979,International,Shopping,International,Debit,4,21,Yes,1
14203,International,Food,Different City,Debit,14,12,Yes,0
321,POS,Shopping,Same City,Credit,5,7,No,0
114538,Online,Shopping,Different City,Debit,11,0,No,0
90464,Online,Travel,Same City,Credit,15,21,No,1
121599,POS,Electronics,Same City,Credit,4,12,No,1
74337,ATM,Electronics,Same City,Credit,2,11,No,1
194199,International,Shopping,Different State,Credit,7,11,Yes,1
131553,ATM,Gaming,Different City,Debit,20,7,No,1
49375,Online,Food,Same City,Credit,5,13,No,1
81650,Online,Fuel,Same City,Debit,13,5,No,0
178971,POS,Shopping,Different State,Credit,23,3,No,1
106130,ATM,Shopping,Same City,Credit,12,21,No,1
127538,POS,Electronics,Same City,Credit,13,8,No,0
30497,POS,Fuel,Same City,Credit,15,22,No,0
140353,International,Shopping,Same City,Credit,12,27,Yes,1
39523,Online,Jewellery,Different City,Credit,16,26,No,0
119372,Online,Travel,Same City,Debit,14,11,No,0
157210,POS,Food,Same City,Credit,0,17,No,1
76971,Online,Shopping,Same City,Debit,19,3,No,0
9697,POS,Food,Same City,Credit,4,23,No,0
129455,Online,Food,International,Debit,7,29,Yes,1
192169,ATM,Travel,Same City,Credit,1,4,No,1
189842,POS,Fuel,Same City,Debit,2,10,No,1
196515,Online,Food,Same City,Debit,23,20,No,0
20883,ATM,Food,Same City,Credit,8,9,No,0
141436,ATM,Shopping,Different State,Credit,15,6,No,1
114642,Online,Electronics,Same City,Credit,1,19,No,1
47616,POS,Food,Same City,Credit,13,21,No,0
70106,POS,Electronics,Different City,Credit,7,0,No,0
58048,Online,Food,Different City,Debit,18,13,No,0
86280,POS,Travel,Different City,Credit,10,11,No,0
39887,POS,Electronics,Same City,Debit,21,12,No,0
8558,POS,Gaming,Same City,Credit,11,2,No,0
138929,Online,Food,Same City,Debit,0,4,No,1
43808,POS,Travel,Same City,Debit,9,17,No,0
61630,Online,Travel,Same City,Debit,3,3,No,1
55492,International,Gaming,Same City,Credit,23,12,Yes,1
92381,ATM,Food,Different City,Credit,11,20,No,0
180152,International,Electronics,Same City,Credit,12,7,Yes,1
129817,ATM,Food,International,Credit,5,12,Yes,1
139735,ATM,Electronics,Different City,Debit,3,12,No,1
109702,International,Food,Different City,Debit,4,19,Yes,1
21204,POS,Electronics,International,Credit,7,5,Yes,0
123809,POS,Jewellery,Same City,Debit,20,12,No,1
50702,ATM,Shopping,Same City,Debit,5,15,No,1
52472,Online,Food,Different State,Credit,14,14,No,0
158238,Online,Shopping,Same City,Credit,20,3,No,0
86937,ATM,Fuel,Same City,Debit,2,0,No,1
178888,POS,Fuel,International,Debit,2,25,Yes,1
68265,ATM,Travel,Different City,Debit,17,22,No,0
126140,ATM,Shopping,Different State,Debit,23,24,No,0
104808,POS,Travel,Different City,Credit,3,3,No,1
68912,ATM,Gaming,Different State,Debit,11,13,No,1
37311,International,Electronics,Same City,Credit,20,22,Yes,0
185981,POS,Shopping,Same City,Credit,14,10,No,0
183485,Online,Food,Same City,Credit,16,9,No,1
97316,POS,Electronics,Same City,Debit,18,20,No,0
187029,Online,Food,Different City,Debit,4,19,No,1
100822,Online,Shopping,Different State,Credit,4,18,No,0
95562,POS,Electronics,International,Credit,19,28,Yes,1
90333,POS,Gaming,Same City,Credit,12,27,No,1
170068,Online,Travel,Same City,Debit,0,21,No,1
89849,Online,Shopping,Same City,Debit,23,25,No,1
51727,Online,Travel,Different State,Debit,23,27,No,0
137494,ATM,Electronics,Same City,Credit,20,3,No,0
133116,Online,Travel,Same City,Debit,2,25,No,1
148657,POS,Shopping,Different State,Credit,20,27,No,1
180884,POS,Shopping,International,Credit,8,2,Yes,1
192339,ATM,Shopping,Different State,Credit,1,6,No,1
153631,ATM,Travel,Same City,Debit,1,10,No,1
19250,Online,Shopping,Same City,Credit,17,18,No,0
127824,Online,Shopping,Same City,Debit,23,28,No,1
168560,Online,Fuel,Different City,Credit,0,8,No,1
157741,Online,Gaming,Same City,Credit,9,30,No,1
69358,ATM,Shopping,Same City,Credit,9,20,No,0
198441,International,Travel,Same City,Debit,15,15,Yes,1
17286,ATM,Electronics,Same City,Debit,10,20,No,0
47982,Online,Shopping,Same City,Credit,9,10,No,0
123799,Online,Food,Different City,Credit,4,10,No,1
103971,ATM,Fuel,Different City,Credit,16,15,No,0
109390,ATM,Food,International,Credit,9,11,Yes,1
87583,POS,Fuel,Same City,Credit,18,12,No,0
1587,ATM,Food,International,Credit,4,14,Yes,0
5206,ATM,Shopping,Different City,Credit,11,0,No,0
100345,Online,Travel,Same City,Credit,16,14,No,0
28106,Online,Shopping,Different City,Debit,18,15,No,0
12158,ATM,Food,International,Debit,7,8,Yes,0
153746,Online,Shopping,Different City,Credit,11,14,No,0
29206,POS,Fuel,Same City,Debit,23,13,No,0
39531,POS,Gaming,Different City,Credit,10,18,No,0
173296,Online,Travel,Same City,Credit,2,27,No,1
186589,POS,Jewellery,Same City,Debit,23,28,No,1
84318,POS,Travel,Same City,Debit,22,8,No,0
196092,International,Shopping,Different City,Credit,15,25,Yes,0
138616,Online,Jewellery,Same City,Credit,1,30,No,1
85839,ATM,Travel,Different City,Debit,23,2,No,0
146452,ATM,Travel,Different State,Debit,2,18,No,1
160016,POS,Shopping,Same City,Debit,8,14,No,0
193807,Online,Food,Same City,Credit,14,16,No,0
193944,ATM,Food,Same City,Credit,0,19,No,1
5047,Online,Food,Same City,Debit,18,21,No,0
139656,POS,Gaming,Different City,Credit,11,28,No,1
151319,Online,Electronics,Same City,Credit,0,17,No,1
10442,ATM,Travel,International,Credit,10,29,Yes,0
54837,Online,Shopping,International,Credit,6,24,Yes,1
36095,ATM,Jewellery,Same City,Debit,0,14,No,1
194063,Online,Shopping,Same City,Credit,12,18,No,0
24440,International,Travel,Different City,Credit,5,24,Yes,0
128316,POS,Food,International,Credit,6,2,Yes,1
94434,POS,Travel,International,Credit,12,25,Yes,1
26331,Online,Jewellery,Different State,Credit,20,9,No,0
183919,Online,Gaming,Same City,Credit,8,23,No,1
84843,Online,Fuel,Same City,Credit,16,4,No,0
123258,ATM,Shopping,Different State,Debit,21,9,No,1
108857,ATM,Food,Same City,Credit,4,23,No,1
175387,Online,Fuel,Same City,Credit,15,6,No,0
164021,Online,Fuel,Different City,Credit,0,10,No,0
123439,Online,Fuel,Different State,Credit,12,24,No,1
137779,Online,Shopping,Same City,Credit,13,2,No,0
124799,POS,Food,Different State,Credit,19,25,No,1
81739,POS,Fuel,Same City,Credit,17,11,No,0
175325,POS,Travel,Different City,Debit,6,4,No,0
34128,ATM,Shopping,Different City,Debit,22,12,No,0
161322,Online,Shopping,Same City,Debit,10,22,No,1
175305,POS,Travel,International,Credit,4,10,Yes,1
173430,Online,Electronics,Different State,Debit,12,20,No,0
51977,International,Shopping,Different City,Debit,7,5,Yes,1
3170,POS,Travel,Same City,Debit,18,12,No,0
56418,POS,Food,Same City,Debit,20,24,No,0
88534,Online,Fuel,Same City,Debit,15,24,No,1
173966,Online,Fuel,Different City,Credit,11,13,No,0
142527,Online,Shopping,Same City,Credit,17,22,No,1
91227,Online,Food,International,Credit,16,5,Yes,1
134030,Online,Fuel,Same City,Credit,23,23,No,1
157631,ATM,Travel,Same City,Credit,17,11,No,0
181947,International,Travel,Same City,Credit,5,20,Yes,1
162153,Online,Jewellery,Different City,Credit,19,13,No,1
73086,Online,Jewellery,Same City,Credit,16,13,No,1
122784,Online,Electronics,Same City,Credit,22,17,No,0
54823,International,Gaming,International,Credit,13,4,Yes,1
42109,ATM,Fuel,International,Credit,5,20,Yes,1
155136,Online,Fuel,Same City,Debit,8,4,No,0
32467,POS,Gaming,Different City,Credit,4,21,No,0
85944,Online,Shopping,Same City,Credit,20,19,No,0
173225,Online,Fuel,Same City,Debit,4,2,No,1
197822,International,Food,Same City,Debit,12,26,Yes,1
29679,POS,Food,Same City,Debit,15,24,No,0
137159,Online,Jewellery,Different City,Credit,11,7,No,1
174402,POS,Electronics,Same City,Credit,3,27,No,1
189905,POS,Fuel,Different City,Credit,21,26,No,1
93596,Online,Shopping,Different State,Credit,15,7,No,1
174590,Online,Jewellery,Different State,Credit,19,26,No,1
159123,POS,Jewellery,Same City,Debit,18,26,No,1
25941,POS,Shopping,Different City,Credit,21,22,No,0
110680,ATM,Electronics,Same City,Debit,14,27,No,1
137139,Online,Food,Different State,Debit,13,21,No,1
56733,POS,Shopping,International,Credit,13,25,Yes,0
119801,ATM,Food,Different State,Credit,7,8,No,1
12630,Online,Electronics,Different City,Debit,5,6,No,0
143565,POS,Electronics,Different City,Debit,5,27,No,1
23396,Online,Gaming,Different City,Debit,7,10,No,0
26654,International,Shopping,Same City,Debit,20,5,Yes,0
53092,Online,Electronics,Same City,Debit,11,24,No,0
44282,Online,Shopping,Different City,Debit,22,20,No,0
198482,POS,Shopping,Different City,Credit,2,2,No,1
173951,Online,Food,Different City,Credit,12,4,No,0
27264,ATM,Electronics,Different State,Debit,19,18,No,0
84991,International,Food,Same City,Credit,21,8,Yes,0
58943,ATM,Jewellery,Same City,Credit,20,25,No,1
3355,Online,Jewellery,Different State,Credit,14,13,No,0
149020,Online,Shopping,Same City,Credit,18,28,No,1
101576,POS,Electronics,International,Debit,8,13,Yes,1
61626,Online,Food,International,Credit,22,7,Yes,1
151870,Online,Jewellery,Different State,Credit,15,17,No,1
158458,Online,Food,Different City,Debit,7,14,No,0
14046,POS,Food,Different City,Credit,5,0,No,0
146637,POS,Fuel,Same City,Debit,2,21,No,1
188547,Online,Food,Different State,Credit,19,15,No,1
35058,International,Shopping,Same City,Credit,21,9,Yes,0
149484,ATM,Travel,Same City,Debit,21,18,No,0
1876,International,Shopping,Different City,Credit,2,19,Yes,0
108551,POS,Electronics,Same City,Debit,5,26,No,1
170338,International,Electronics,Same City,Credit,12,18,Yes,1
179761,Online,Food,Different City,Credit,10,5,No,0
93202,Online,Food,Same City,Credit,8,12,No,0
92165,International,Gaming,Same City,Debit,16,8,Yes,0
159001,Online,Travel,Different City,Credit,0,30,No,1
3397,Online,Food,Same City,Debit,18,11,No,0
45291,Online,Gaming,Same City,Credit,11,3,No,0
40646,POS,Gaming,Different State,Debit,5,16,No,1
116781,Online,Shopping,Same City,Debit,3,25,No,1
76496,Online,Electronics,Different City,Credit,3,15,No,1
40798,International,Fuel,International,Debit,17,26,Yes,0
117523,International,Gaming,Same City,Credit,4,7,Yes,1
128751,Online,Food,Same City,Debit,15,25,No,1
173025,POS,Fuel,Same City,Credit,21,20,No,0
138338,POS,Electronics,Same City,Debit,20,6,No,0
35614,Online,Shopping,International,Credit,13,12,Yes,0
6347,POS,Food,Same City,Credit,15,25,No,0
179420,POS,Travel,Same City,Debit,9,28,No,1
149856,POS,Gaming,Different City,Credit,1,30,No,1
49445,Online,Travel,Different State,Debit,13,23,No,0
46837,POS,Electronics,Same City,Credit,14,30,No,0
58182,POS,Shopping,Same City,Credit,20,19,No,1
100104,Online,Electronics,International,Credit,7,21,Yes,1
86804,International,Jewellery,Different State,Credit,12,1,Yes,1
157059,Online,Gaming,Different State,Credit,18,22,No,1
164252,Online,Jewellery,Different City,Debit,13,22,No,0
108533,Online,Fuel,Same City,Debit,8,19,No,1
181640,Online,Electronics,Same City,Debit,7,2,No,0
30319,Online,Electronics,Same City,Credit,5,30,No,0
178595,POS,Electronics,Same City,Credit,18,8,No,0
31400,Online,Fuel,Same City,Credit,15,6,No,0
9457,POS,Shopping,Same City,Debit,5,2,No,0
17768,Online,Gaming,Same City,Credit,19,24,No,1
132120,ATM,Shopping,Same City,Credit,18,0,No,0
89582,ATM,Food,Same City,Credit,20,1,No,0
40233,International,Travel,Same City,Debit,10,21,Yes,0
6734,ATM,Shopping,Same City,Credit,17,5,No,0
83344,Online,Electronics,Same City,Credit,19,23,No,1
84420,Online,Shopping,Same City,Credit,12,0,No,0
101687,ATM,Shopping,Same City,Debit,18,17,No,0
170195,ATM,Travel,Different City,Credit,21,19,No,0
196201,Online,Travel,Same City,Debit,20,14,No,0
40244,POS,Fuel,Same City,Credit,23,5,No,0
101930,International,Fuel,Same City,Credit,9,4,Yes,0
107676,POS,Travel,Same City,Credit,20,11,No,0
106476,Online,Food,Different City,Credit,12,14,No,0
85561,POS,Shopping,Same City,Credit,22,6,No,0
191283,POS,Gaming,Different State,Credit,13,11,No,1
56071,Online,Travel,Same City,Credit,19,13,No,0
57031,Online,Fuel,Different City,Debit,13,5,No,0
6348,POS,Food,Different City,Credit,23,21,No,0
40956,POS,Gaming,Different State,Credit,10,14,No,0
193684,Online,Jewellery,Same City,Debit,19,16,No,1
9354,POS,Electronics,Same City,Credit,1,10,No,0
82228,International,Food,Different City,Debit,9,26,Yes,1
163476,International,Gaming,Different State,Credit,22,5,Yes,1
26707,ATM,Shopping,Different State,Credit,3,17,No,0
107495,Online,Travel,Same City,Debit,22,27,No,1
29816,POS,Shopping,Same City,Debit,4,28,No,0
99549,POS,Electronics,Different City,Debit,11,29,No,1
150022,Online,Fuel,International,Debit,18,11,Yes,1
22384,ATM,Shopping,Same City,Credit,12,29,No,0
175449,Online,Gaming,Same City,Debit,2,11,No,1
129795,Online,Fuel,Same City,Credit,8,6,No,0
136528,International,Shopping,Same City,Credit,20,7,Yes,1
69073,Online,Food,Same City,Debit,21,14,No,0
87372,POS,Shopping,International,Debit,23,18,Yes,0
99890,Online,Travel,Same City,Debit,8,22,No,1
96252,ATM,Fuel,Different State,Credit,10,4,No,1
188612,Online,Shopping,Same City,Credit,14,29,No,1
174746,International,Fuel,Different State,Credit,4,25,Yes,1
63790,Online,Food,Same City,Debit,2,27,No,1
189658,Online,Fuel,Different State,Debit,4,18,No,1
120886,POS,Food,Different City,Debit,1,22,No,1
195676,International,Shopping,Different City,Credit,13,25,Yes,1
55207,Online,Shopping,Same City,Credit,15,26,No,0
129940,POS,Shopping,Same City,Debit,1,14,No,1
1755,Online,Jewellery,Same City,Debit,18,6,No,0
184352,ATM,Shopping,Different State,Debit,7,5,No,1
155370,Online,Food,Different City,Credit,8,26,No,1
63216,POS,Gaming,International,Credit,5,2,Yes,1
129578,Online,Electronics,Different City,Debit,2,21,No,1
187823,Online,Jewellery,Different City,Credit,11,22,No,1
177884,International,Travel,Different City,Credit,11,23,Yes,1
97209,POS,Electronics,Same City,Debit,6,7,No,0
11293,POS,Food,Different State,Credit,12,14,No,0
121837,POS,Shopping,Different City,Credit,0,27,No,1
83127,Online,Fuel,Same City,Credit,13,25,No,1
45393,Online,Jewellery,Same City,Credit,15,4,No,0
51940,Online,Food,Same City,Debit,17,8,No,0
127642,POS,Travel,Same City,Debit,15,21,No,1
27890,Online,Food,Same City,Credit,7,16,No,0
56828,Online,Shopping,Same City,Credit,20,9,No,0
112559,POS,Gaming,Same City,Credit,11,25,No,1
33689,Online,Jewellery,Same City,Credit,13,7,No,0
85611,POS,Fuel,Different State,Debit,15,25,No,1
89427,POS,Food,Same City,Credit,10,25,No,1
60111,POS,Gaming,Different State,Credit,18,15,No,1
82271,POS,Shopping,Different City,Debit,2,16,No,1
158067,International,Jewellery,Different City,Credit,12,24,Yes,1
72506,POS,Food,Different State,Credit,7,20,No,1
93467,ATM,Travel,Same City,Credit,10,15,No,0
158637,ATM,Shopping,Different State,Credit,19,19,No,1
192361,Online,Fuel,Same City,Credit,7,25,No,1
183770,ATM,Shopping,Same City,Credit,0,0,No,1
199951,Online,Food,Different State,Debit,14,20,No,1
41250,POS,Electronics,Same City,Credit,8,6,No,0
118938,Online,Gaming,Same City,Credit,1,27,No,1
125169,Online,Food,Different City,Credit,20,13,No,0
103787,Online,Gaming,Different City,Debit,10,18,No,1
10423,ATM,Shopping,Different City,Credit,2,29,No,0
39833,Online,Shopping,Different City,Credit,11,11,No,0
108271,Online,Shopping,Same City,Credit,13,20,No,0
182181,Online,Fuel,Different State,Credit,3,24,No,1
68455,Online,Shopping,Different City,Credit,20,26,No,1
125586,Online,Shopping,Same City,Credit,4,16,No,1
101687,ATM,Electronics,Same City,Debit,15,0,No,0
182847,Online,Shopping,Same City,Credit,7,18,No,0
91688,POS,Gaming,Same City,Debit,5,12,No,1
140669,Online,Gaming,Different City,Credit,11,16,No,1
52944,ATM,Food,Same City,Debit,12,3,No,0
118497,Online,Gaming,Different City,Credit,12,6,No,1
11020,Online,Shopping,International,Credit,18,23,Yes,0
180913,POS,Fuel,Different State,Credit,1,20,No,1
148695,ATM,Fuel,Same City,Credit,0,6,No,1
87638,Online,Jewellery,Same City,Credit,12,19,No,1
128991,POS,Gaming,Different State,Debit,7,2,No,1
170,ATM,Gaming,Different State,Debit,0,9,No,0
191136,POS,Shopping,Same City,Credit,6,13,No,0
97832,Online,Food,Same City,Debit,3,9,No,1
119880,International,Fuel,Different State,Credit,20,23,Yes,1
8060,ATM,Jewellery,Same City,Credit,23,7,No,0
152085,POS,Food,Same City,Credit,2,23,No,1
56585,Online,Electronics,Same City,Credit,14,13,No,0
3578,POS,Shopping,Same City,Debit,8,22,No,0
125711,Online,Food,Different City,Debit,6,7,No,0
610,International,Shopping,Different City,Debit,17,30,Yes,0
60791,POS,Electronics,Same City,Credit,11,14,No,0
142861,Online,Gaming,Same City,Credit,4,10,No,1
91008,Online,Gaming,Same City,Debit,9,4,No,1
197142,ATM,Electronics,Same City,Debit,2,19,No,1
36181,Online,Food,Same City,Debit,21,5,No,0
90134,POS,Fuel,Different City,Credit,17,20,No,0
41893,ATM,Gaming,International,Debit,22,12,Yes,0
109932,ATM,Jewellery,Same City,Credit,18,0,No,1
144396,POS,Shopping,Same City,Debit,10,15,No,0
191951,ATM,Food,International,Credit,12,7,Yes,1
196662,Online,Electronics,Same City,Debit,14,4,No,0
197578,Online,Shopping,Different State,Credit,3,15,No,1
19028,POS,Food,Different City,Credit,6,17,No,0
50171,Online,Shopping,Same City,Credit,21,2,No,0
118746,International,Food,Same City,Credit,22,19,Yes,1
101745,Online,Food,Different City,Debit,20,19,No,0
178126,POS,Shopping,Same City,Credit,22,15,No,0
100699,ATM,Electronics,Same City,Credit,11,30,No,1
128631,International,Food,International,Debit,2,15,Yes,1
24230,Online,Electronics,Different City,Debit,14,12,No,0
63375,POS,Travel,Same City,Credit,22,27,No,1
160982,Online,Shopping,Same City,Debit,0,29,No,1
18214,POS,Travel,Different City,Credit,17,20,No,0
66475,POS,Electronics,Same City,Debit,9,27,No,1
76196,POS,Food,Different City,Debit,2,6,No,1
65385,Online,Electronics,Different State,Debit,12,1,No,0
58668,Online,Electronics,Different State,Credit,14,25,No,0
30532,Online,Shopping,Different City,Debit,18,0,No,0
96221,ATM,Food,Different City,Debit,11,20,No,0
109839,POS,Food,Different City,Credit,2,2,No,1
174347,Online,Food,Different State,Debit,4,3,No,0
22743,POS,Gaming,Same City,Debit,11,17,No,0
17616,International,Gaming,Different City,Credit,1,7,Yes,0
78833,Online,Electronics,Same City,Credit,0,3,No,1
69800,POS,Shopping,Different State,Credit,7,27,No,1
56083,Online,Travel,Same City,Credit,12,17,No,0
142025,ATM,Shopping,Different City,Debit,4,27,No,1
125323,POS,Jewellery,Different City,Credit,13,26,No,1
59172,ATM,Food,Different City,Credit,10,24,No,0
50590,POS,Jewellery,Same City,Debit,7,23,No,0
125762,POS,Electronics,Different State,Debit,20,5,No,1
136744,Online,Electronics,Same City,Credit,2,17,No,1
38258,ATM,Shopping,Same City,Credit,20,25,No,0
89617,Online,Travel,Same City,Credit,15,16,No,0
198652,ATM,Electronics,Different City,Debit,19,19,No,0
150567,Online,Food,Different City,Debit,17,16,No,0
16597,Online,Food,Same City,Credit,16,7,No,0
85077,International,Travel,Same City,Credit,10,16,Yes,1
73112,Online,Food,Different City,Debit,4,25,No,1
77436,Online,Electronics,Different City,Credit,6,25,No,1
136444,Online,Electronics,Different State,Debit,6,19,No,1
88540,Online,Gaming,Same City,Credit,15,22,No,1
149047,POS,Food,Same City,Credit,3,30,No,1
144458,International,Shopping,Same City,Debit,15,14,Yes,1
144448,POS,Food,Different City,Credit,1,13,No,1
128435,POS,Travel,Same City,Credit,5,3,No,1
14387,Online,Shopping,Same City,Credit,4,25,No,0
194879,POS,Shopping,Different State,Credit,0,3,No,1
163772,POS,Food,Same City,Credit,19,18,No,0
144964,Online,Shopping,Same City,Credit,7,5,No,0
100572,Online,Gaming,International,Credit,23,19,Yes,1
70807,ATM,Shopping,Same City,Credit,7,14,No,0
45593,International,Food,Same City,Debit,13,18,Yes,1
101471,Online,Shopping,Different State,Credit,14,14,No,1
100887,ATM,Electronics,Same City,Debit,6,28,No,1
114565,ATM,Travel,Same City,Credit,19,12,No,0
159104,Online,Shopping,Same City,Debit,21,12,No,0
106007,Online,Food,Same City,Credit,9,28,No,1
157500,ATM,Jewellery,Different City,Credit,20,22,No,1
187026,ATM,Food,Same City,Credit,15,13,No,0
111285,Online,Food,Same City,Credit,8,15,No,0
57545,ATM,Gaming,Different City,Debit,1,12,No,1
199515,Online,Electronics,Same City,Debit,17,1,No,0
137792,International,Travel,Same City,Debit,8,27,Yes,1
60154,Online,Shopping,Same City,Debit,19,1,No,0
194373,Online,Travel,International,Debit,7,0,Yes,1
51319,POS,Shopping,Different State,Credit,5,17,No,1
121351,POS,Food,Same City,Credit,5,7,No,1
85422,ATM,Electronics,Same City,Credit,16,28,No,1
35476,Online,Travel,Different State,Credit,19,26,No,0
73310,POS,Travel,Different City,Debit,5,20,No,1
11181,Online,Food,Same City,Credit,15,21,No,0
144361,POS,Food,Same City,Debit,16,11,No,0
151480,POS,Electronics,Different City,Credit,13,5,No,0
131100,Online,Shopping,Same City,Debit,9,3,No,0
108211,Online,Food,Same City,Credit,0,6,No,1
167466,ATM,Food,Different City,Debit,4,20,No,1
104003,Online,Shopping,Same City,Credit,15,12,No,0
122050,Online,Shopping,Same City,Debit,7,30,No,1
167878,International,Food,Same City,Credit,12,28,Yes,1
113708,Online,Food,Different State,Credit,1,29,No,1
125787,Online,Food,Same City,Credit,0,3,No,1
186511,POS,Shopping,Same City,Debit,11,0,No,0
87666,ATM,Travel,Different City,Credit,1,25,No,1
32421,ATM,Electronics,Same City,Credit,21,24,No,0
196429,POS,Shopping,International,Debit,12,10,Yes,1
115407,POS,Gaming,Same City,Debit,6,2,No,1
72388,Online,Shopping,Same City,Debit,6,13,No,0
109568,ATM,Fuel,Same City,Credit,6,0,No,0
42932,ATM,Food,Same City,Credit,14,29,No,0
176421,POS,Shopping,Same City,Debit,19,23,No,1
123026,International,Food,Different City,Debit,23,10,Yes,1
85698,POS,Gaming,Different State,Credit,21,8,No,1
64403,Online,Shopping,Same City,Credit,16,9,No,0
189964,International,Shopping,Different City,Debit,8,3,Yes,1
145593,Online,Electronics,Different State,Credit,4,29,No,1
142236,POS,Food,Same City,Credit,9,2,No,0
163430,POS,Jewellery,Same City,Credit,1,13,No,1
113390,Online,Travel,Same City,Debit,3,9,No,1
129038,International,Food,Same City,Credit,7,9,Yes,1
43326,Online,Gaming,Different City,Debit,3,2,No,1
193412,Online,Travel,Same City,Credit,22,20,No,0
13563,Online,Shopping,Same City,Debit,11,21,No,0
183596,Online,Gaming,Same City,Debit,10,3,No,0
152894,Online,Shopping,Same City,Debit,5,28,No,1
128644,Online,Gaming,Different City,Credit,19,9,No,1
121298,POS,Food,Different City,Debit,3,15,No,1
180725,Online,Food,Same City,Credit,15,25,No,1
133498,Online,Gaming,Different State,Credit,7,25,No,1
81187,POS,Shopping,Same City,Debit,1,2,No,1
30959,Online,Jewellery,Same City,Debit,9,24,No,0
83973,POS,Electronics,Same City,Credit,20,21,No,1
144835,POS,Food,Different City,Debit,20,1,No,0
102544,Online,Shopping,Same City,Debit,8,12,No,0
130547,POS,Jewellery,Different State,Debit,14,4,No,1
195471,International,Food,Same City,Debit,18,27,Yes,1
2050,ATM,Shopping,Same City,Credit,10,4,No,1
36889,Online,Gaming,International,Debit,23,5,Yes,0
2518,POS,Electronics,Different State,Credit,0,3,No,0
131454,Online,Shopping,Different City,Debit,23,16,No,0
102517,ATM,Jewellery,Different City,Debit,13,24,No,1
10435,POS,Electronics,Same City,Credit,14,1,No,0
4796,Online,Gaming,Different State,Credit,13,29,No,0
159682,POS,Jewellery,Different State,Credit,8,9,No,1
10247,ATM,Gaming,Different City,Credit,0,16,No,0
58243,International,Food,Same City,Credit,2,25,Yes,1
140414,ATM,Travel,Same City,Credit,23,25,No,1
80369,ATM,Gaming,Same City,Credit,17,21,No,1
30475,ATM,Jewellery,Same City,Debit,5,17,No,0
3825,POS,Shopping,Different City,Debit,0,3,No,0
196553,POS,Shopping,Same City,Credit,5,28,No,1
191245,Online,Shopping,International,Credit,17,22,Yes,1
18080,Online,Shopping,Same City,Debit,7,2,No,0
198922,International,Jewellery,Same City,Credit,3,16,Yes,1
140240,POS,Shopping,Different City,Credit,2,11,No,1
92699,Online,Fuel,Same City,Credit,0,29,No,1
22755,International,Shopping,Same City,Credit,22,17,Yes,0
198625,POS,Shopping,Different State,Debit,13,3,No,1
105602,Online,Shopping,Different City,Debit,23,22,No,1
195305,Online,Gaming,Different State,Credit,14,12,No,1
96797,Online,Shopping,Same City,Credit,11,0,No,0
97758,POS,Food,Different State,Debit,14,2,No,1
25259,POS,Travel,Same City,Credit,15,17,No,0
190391,ATM,Shopping,Different State,Debit,20,10,No,1
140892,ATM,Food,Different State,Credit,9,21,No,1
35992,POS,Fuel,International,Credit,13,2,Yes,0
95464,Online,Food,Same City,Credit,9,10,No,0
24499,ATM,Jewellery,Different City,Debit,11,3,No,0
69358,ATM,Food,Same City,Credit,18,25,No,1
12965,Online,Fuel,Different City,Credit,2,25,No,0
151451,ATM,Travel,Different State,Debit,3,28,No,1
10779,Online,Fuel,Same City,Credit,23,1,No,0
24824,International,Gaming,Same City,Credit,15,25,Yes,0
142172,Online,Shopping,International,Debit,7,2,Yes,1
48630,POS,Travel,Different State,Debit,0,15,No,1
185740,Online,Electronics,Different State,Debit,7,13,No,0
137194,ATM,Gaming,Different City,Debit,15,17,No,1
112749,Online,Gaming,Same City,Credit,11,4,No,1
154966,Online,Gaming,Same City,Debit,3,22,No,1
170057,POS,Shopping,Same City,Credit,23,8,No,0
151256,Online,Gaming,Same City,Debit,4,22,No,0
65634,POS,Electronics,Different City,Credit,6,8,No,0
150721,Online,Shopping,Same City,Debit,13,3,No,0
117297,Online,Electronics,Different State,Debit,10,13,No,1
136117,POS,Food,Same City,Debit,6,12,No,0
174650,ATM,Gaming,Same City,Debit,13,1,No,1
113685,POS,Shopping,Different State,Credit,14,16,No,1
108471,Online,Food,Same City,Credit,0,15,No,1
138929,Online,Travel,Same City,Credit,6,22,No,1
125099,International,Food,Same City,Credit,4,0,Yes,1
169240,POS,Shopping,International,Credit,4,3,Yes,1
97311,POS,Electronics,Same City,Debit,9,23,No,1
16606,POS,Fuel,Same City,Credit,7,24,No,0
145841,ATM,Gaming,International,Debit,20,15,Yes,1
983,Online,Shopping,Different City,Debit,13,18,No,0
126196,Online,Shopping,Same City,Debit,8,22,No,1
153766,Online,Food,Different State,Debit,18,11,No,1
123793,POS,Fuel,Same City,Debit,11,15,No,0
139688,Online,Shopping,International,Credit,2,3,Yes,1
36012,Online,Fuel,Same City,Credit,23,2,No,0
143903,Online,Shopping,Different City,Credit,3,1,No,1
154109,Online,Jewellery,Different City,Debit,6,2,No,1
62151,POS,Shopping,Same City,Credit,23,20,No,0
63331,Online,Electronics,Same City,Debit,22,23,No,0
128432,ATM,Shopping,Same City,Credit,2,16,No,1
151009,Online,Food,Same City,Credit,14,17,No,0
7151,POS,Jewellery,Different City,Debit,6,5,No,0
61499,POS,Electronics,Same City,Credit,4,9,No,1
173550,Online,Gaming,Same City,Debit,23,6,No,1
198435,ATM,Food,Different City,Credit,2,26,No,1
124285,Online,Shopping,Same City,Credit,13,3,No,0
41396,Online,Shopping,Same City,Credit,5,8,No,1
187198,POS,Electronics,International,Debit,18,10,Yes,1
41360,ATM,Gaming,Different City,Credit,14,13,No,0
116773,Online,Food,Same City,Debit,0,6,No,1
98541,ATM,Travel,Same City,Credit,22,4,No,0
60324,POS,Travel,Different State,Credit,12,29,No,1
186864,POS,Shopping,Same City,Credit,7,25,No,1
13405,POS,Gaming,Different State,Credit,17,2,No,0
141019,Online,Food,Same City,Debit,1,13,No,1
53918,Online,Electronics,Different City,Credit,4,19,No,1
110756,POS,Travel,Different City,Credit,5,21,No,1
88621,Online,Electronics,Different State,Debit,22,0,No,1
189653,Online,Food,Different City,Debit,18,2,No,0
50017,POS,Fuel,Same City,Debit,20,11,No,0
165472,POS,Gaming,Different City,Debit,10,12,No,1
132225,POS,Electronics,Same City,Credit,4,19,No,1
141661,POS,Travel,Different State,Credit,5,26,No,1
131543,POS,Shopping,Same City,Credit,13,14,No,1
157179,Online,Gaming,Different State,Credit,20,10,No,1
189865,POS,Travel,Same City,Credit,7,13,No,0
70724,POS,Jewellery,Same City,Credit,9,26,No,1
151311,Online,Shopping,Different City,Debit,1,13,No,1
107627,POS,Gaming,Same City,Credit,0,24,No,1
166887,International,Fuel,Same City,Credit,1,8,Yes,1
32189,ATM,Food,Same City,Debit,16,23,No,1
164091,POS,Jewellery,Different City,Credit,15,15,No,1
65377,POS,Food,Different City,Credit,2,12,No,1
40695,POS,Shopping,Same City,Debit,23,5,No,0
169231,POS,Electronics,Same City,Credit,7,28,No,1
188054,Online,Electronics,Different State,Credit,3,9,No,1
66120,Online,Fuel,Different State,Credit,20,12,No,0
196784,Online,Food,Different State,Credit,7,23,No,1
89210,POS,Shopping,Same City,Debit,23,0,No,0
123263,Online,Food,Same City,Credit,18,30,No,1
132539,International,Shopping,Same City,Credit,7,17,Yes,1
136086,Online,Jewellery,Same City,Debit,14,19,No,1
16229,POS,Food,Same City,Debit,9,7,No,0
56758,Online,Electronics,Same City,Debit,8,18,No,0
185928,Online,Electronics,Different State,Debit,2,3,No,1
119308,POS,Electronics,Different State,Credit,19,6,No,1
24064,POS,Shopping,Same City,Credit,10,7,No,1
106700,ATM,Electronics,International,Debit,19,24,Yes,1
198909,International,Jewellery,Same City,Debit,13,24,Yes,1
137587,ATM,Shopping,Same City,Debit,0,18,No,1
108895,Online,Shopping,Different City,Debit,7,22,No,1
123903,POS,Travel,Different City,Debit,19,3,No,0
109023,International,Fuel,Different City,Credit,19,25,Yes,1
15289,Online,Gaming,Different State,Debit,20,24,No,0
28635,POS,Shopping,Same City,Credit,0,18,No,0
106865,Online,Fuel,Same City,Credit,19,16,No,0
63051,POS,Food,Same City,Credit,1,22,No,1
191655,Online,Travel,Same City,Debit,11,20,No,1
88571,Online,Jewellery,Same City,Debit,23,1,No,1
25261,Online,Shopping,Different State,Credit,1,30,No,0
14619,POS,Shopping,Same City,Debit,2,26,No,0
7248,Online,Electronics,Same City,Debit,6,3,No,0
57405,Online,Food,Same City,Credit,17,5,No,0
28614,POS,Fuel,Same City,Credit,4,19,No,0
137592,ATM,Food,International,Credit,9,28,Yes,1
138462,International,Electronics,Same City,Credit,21,29,Yes,1
138671,Online,Shopping,Same City,Credit,23,3,No,0
174956,Online,Electronics,Same City,Debit,16,11,No,0
152364,POS,Fuel,Same City,Credit,0,22,No,1
67010,POS,Shopping,Different City,Debit,19,30,No,1
163804,POS,Food,Different State,Credit,17,20,No,1
157467,POS,Electronics,Different City,Debit,2,28,No,1
38158,POS,Food,Same City,Debit,7,4,No,0
27086,Online,Electronics,Different State,Credit,6,30,No,0
50005,Online,Fuel,Different State,Credit,4,24,No,1
106061,POS,Jewellery,Same City,Debit,0,17,No,1
104431,POS,Travel,Same City,Debit,20,14,No,0
56698,Online,Jewellery,Different City,Credit,7,10,No,1
158015,International,Gaming,Different State,Credit,21,28,Yes,1
4687,ATM,Jewellery,Different State,Debit,13,28,No,0
37444,International,Travel,Same City,Credit,4,12,Yes,1
94136,POS,Shopping,Different City,Credit,17,12,No,0
90465,Online,Shopping,Different State,Credit,15,25,No,1
176263,ATM,Fuel,Different City,Debit,10,18,No,0
196818,Online,Fuel,Different State,Credit,4,7,No,1
81559,ATM,Food,Different State,Debit,5,15,No,1
356,Online,Fuel,Same City,Credit,12,2,No,0
30714,ATM,Electronics,Same City,Credit,21,6,No,0
87876,ATM,Fuel,Same City,Debit,12,16,No,0
170044,Online,Food,Different City,Debit,10,1,No,0
46549,ATM,Travel,Different State,Debit,20,13,No,0
13285,POS,Shopping,Same City,Credit,15,14,No,0
73893,Online,Shopping,International,Debit,23,12,Yes,1
108010,POS,Gaming,Same City,Credit,2,23,No,1
190151,POS,Travel,Same City,Credit,5,18,No,1
157857,Online,Electronics,Same City,Debit,21,17,No,0
51288,Online,Travel,Same City,Credit,10,11,No,0
44991,Online,Fuel,Same City,Credit,2,14,No,0
43163,POS,Shopping,Same City,Credit,7,24,No,0
134657,International,Food,Same City,Credit,11,12,Yes,1
57313,Online,Fuel,Same City,Credit,18,1,No,0
44322,ATM,Food,Same City,Credit,16,1,No,0
24876,Online,Food,Same City,Credit,21,8,No,0
104527,POS,Shopping,Same City,Credit,15,21,No,1
49028,Online,Fuel,Different City,Debit,18,17,No,0
26927,POS,Food,International,Credit,18,17,Yes,0
128892,ATM,Electronics,Same City,Debit,7,27,No,1
63808,ATM,Fuel,Same City,Debit,10,13,No,1
60106,POS,Food,Different City,Credit,22,18,No,0
166994,Online,Electronics,International,Credit,22,1,Yes,1
130245,Online,Food,Different State,Credit,0,11,No,1
98696,POS,Shopping,Different State,Credit,20,11,No,1
41837,Online,Food,Different State,Credit,10,17,No,0
27599,POS,Food,Same City,Credit,20,24,No,0
19171,International,Shopping,Different City,Debit,19,30,Yes,1
154930,POS,Electronics,Same City,Debit,17,9,No,0
4337,International,Shopping,Different State,Debit,1,30,Yes,0
191369,Online,Fuel,Same City,Debit,22,22,No,1
76611,POS,Food,Different City,Debit,19,16,No,0
17406,POS,Food,Same City,Credit,14,30,No,0
9484,POS,Food,Same City,Credit,17,12,No,0
125300,Online,Electronics,Different City,Credit,19,14,No,0
20545,International,Shopping,Different City,Debit,15,19,Yes,0
100887,POS,Fuel,Different City,Credit,15,22,No,1
34044,Online,Gaming,Same City,Debit,20,17,No,0
137564,Online,Gaming,Different City,Debit,11,1,No,1
7937,POS,Fuel,Different City,Credit,23,19,No,0
119804,POS,Shopping,Same City,Credit,17,5,No,0
89918,ATM,Food,Same City,Credit,14,18,No,0
36893,Online,Fuel,Same City,Debit,20,30,No,0
139744,POS,Fuel,Different State,Debit,7,27,No,1
143278,International,Jewellery,International,Credit,5,8,Yes,1
178496,International,Shopping,Different City,Debit,15,5,Yes,1
90107,Online,Jewellery,Same City,Debit,7,27,No,1
90100,POS,Electronics,Same City,Credit,16,3,No,0
102655,Online,Shopping,Different City,Credit,12,30,No,1
85133,Online,Food,Same City,Debit,8,7,No,1
80478,POS,Shopping,Different City,Credit,18,2,No,0
29773,International,Gaming,Same City,Credit,22,10,Yes,0
70651,ATM,Shopping,Same City,Credit,2,10,No,1
28286,Online,Food,Same City,Debit,11,19,No,0
110065,POS,Fuel,Same City,Credit,13,14,No,0
12104,Online,Gaming,International,Credit,20,25,Yes,0
22942,Online,Food,Same City,Debit,3,22,No,0
124064,POS,Gaming,Different State,Debit,0,8,No,1
61706,ATM,Travel,Different State,Credit,5,28,No,1
86841,POS,Fuel,Different State,Credit,10,27,No,1
132860,Online,Electronics,Same City,Credit,5,4,No,1
88675,POS,Jewellery,Different State,Credit,20,10,No,1
110715,International,Electronics,Same City,Debit,19,9,Yes,1
33889,Online,Gaming,Same City,Credit,22,13,No,0
6757,Online,Fuel,Different State,Credit,9,11,No,0
153803,POS,Shopping,International,Credit,3,25,Yes,1
83298,Online,Shopping,Same City,Credit,6,20,No,0
145733,POS,Electronics,Same City,Credit,16,16,No,0
101241,POS,Jewellery,Same City,Credit,22,29,No,1
117803,ATM,Electronics,Different City,Credit,13,4,No,0
34109,Online,Travel,Different City,Credit,11,9,No,0
18343,POS,Fuel,Same City,Credit,3,23,No,0
16592,Online,Gaming,Different State,Debit,20,9,No,0
15562,Online,Shopping,Same City,Credit,8,15,No,0
188200,POS,Food,Same City,Debit,12,16,No,0
174466,POS,Electronics,Different State,Credit,10,8,No,1
95307,POS,Food,Same City,Credit,18,30,No,0
37441,POS,Travel,Different State,Debit,14,12,No,0
145275,Online,Shopping,Same City,Debit,22,14,No,0
169293,POS,Shopping,Different City,Credit,22,23,No,1
148076,POS,Jewellery,International,Debit,10,5,Yes,1
151264,International,Fuel,Same City,Credit,5,30,Yes,1
112061,ATM,Gaming,Different City,Debit,7,17,No,1
62085,ATM,Food,Same City,Debit,18,27,No,1
53364,Online,Jewellery,Same City,Credit,23,20,No,0
195046,ATM,Shopping,Different State,Credit,0,18,No,1
66657,POS,Jewellery,Same City,Debit,3,5,No,1
158332,ATM,Fuel,Same City,Credit,5,14,No,1
14632,Online,Gaming,Different City,Debit,15,23,No,0
128636,POS,Fuel,Same City,Debit,16,7,No,0
7460,ATM,Electronics,Same City,Debit,12,23,No,0
14331,POS,Shopping,Different State,Credit,17,15,No,0
179934,ATM,Travel,Same City,Credit,11,21,No,1
194081,POS,Fuel,Different City,Credit,7,20,No,0
16059,ATM,Jewellery,Different State,Debit,1,6,No,1
79294,Online,Food,Same City,Credit,18,10,No,0
17508,Online,Fuel,International,Debit,18,28,Yes,0
24628,Online,Shopping,Different City,Debit,23,30,No,0
91391,POS,Shopping,Same City,Credit,23,16,No,0
160553,ATM,Fuel,Different City,Debit,2,6,No,1
131136,Online,Jewellery,Same City,Credit,4,23,No,1
54428,Online,Fuel,International,Debit,13,14,Yes,1
36704,Online,Gaming,Different City,Credit,3,12,No,1
34048,International,Shopping,Different City,Credit,4,23,Yes,0
194762,International,Electronics,International,Credit,19,23,Yes,1
9805,Online,Shopping,Same City,Credit,0,21,No,0
170657,ATM,Fuel,Different State,Credit,9,5,No,1
74666,Online,Travel,Same City,Credit,10,27,No,0
174405,Online,Shopping,Different City,Credit,0,26,No,1
50865,POS,Food,International,Debit,2,25,Yes,1
171845,Online,Jewellery,Different City,Credit,11,4,No,1
153050,POS,Shopping,Same City,Debit,3,4,No,1
111212,International,Travel,Same City,Credit,4,6,Yes,1
68088,International,Fuel,Different State,Credit,15,29,Yes,1
32373,Online,Shopping,Same City,Credit,1,5,No,0
16226,Online,Electronics,Same City,Credit,18,0,No,0
34175,Online,Food,Different City,Debit,10,10,No,0
41675,ATM,Electronics,Different City,Credit,22,27,No,0
65556,Online,Shopping,Same City,Debit,15,18,No,0
167829,POS,Food,Different State,Debit,11,14,No,1
91334,Online,Food,Same City,Credit,15,26,No,1
65924,POS,Shopping,Same City,Credit,3,25,No,1
32248,Online,Shopping,Different State,Debit,17,7,No,0
104600,Online,Jewellery,Same City,Credit,1,17,No,0
25640,ATM,Electronics,Same City,Credit,0,27,No,0
89941,POS,Travel,Same City,Credit,14,3,No,0
121196,POS,Food,International,Debit,9,11,Yes,1
72333,POS,Shopping,Same City,Credit,6,0,No,1
114157,Online,Travel,Same City,Credit,13,22,No,1
66621,POS,Shopping,Different City,Credit,21,25,No,1
52624,POS,Shopping,Different State,Debit,8,26,No,0
103286,Online,Shopping,Same City,Credit,7,26,No,1
124619,Online,Shopping,Same City,Credit,3,9,No,1
164421,POS,Electronics,Different State,Credit,18,15,No,1
32690,International,Shopping,Different City,Credit,7,17,Yes,0
144812,Online,Electronics,Different City,Debit,20,22,No,1
893,Online,Gaming,Different City,Credit,5,1,No,0
159706,POS,Fuel,Same City,Debit,15,29,No,1
158987,POS,Travel,Same City,Credit,14,18,No,0
31630,ATM,Food,Different City,Credit,13,29,No,0
26203,Online,Travel,International,Credit,18,8,Yes,0
45764,ATM,Food,Same City,Debit,16,21,No,0
75887,POS,Fuel,International,Credit,0,2,Yes,1
69335,Online,Food,International,Debit,0,6,Yes,1
135253,POS,Fuel,Different State,Credit,13,1,No,1
173313,POS,Shopping,Different State,Debit,3,27,No,1
143164,International,Electronics,Same City,Debit,19,18,Yes,1
132340,ATM,Electronics,Same City,Credit,3,2,No,1
5975,POS,Travel,Different City,Debit,21,16,No,1
18609,International,Jewellery,Different State,Credit,4,5,Yes,0
118403,International,Fuel,Same City,Debit,7,18,Yes,1
132967,Online,Jewellery,Same City,Credit,0,8,No,1
109882,POS,Travel,Same City,Debit,6,12,No,0
78626,POS,Shopping,Different City,Credit,5,16,No,1
176874,ATM,Food,Same City,Debit,17,28,No,1
121566,POS,Food,International,Debit,15,21,Yes,1
70127,Online,Food,Different City,Credit,2,25,No,1
29589,Online,Shopping,Different State,Debit,5,15,No,0
181223,POS,Shopping,Different City,Credit,14,18,No,0
172756,POS,Food,Same City,Credit,19,29,No,1
167781,Online,Gaming,Same City,Credit,8,29,No,1
6816,Online,Travel,Same City,Credit,4,17,No,0
101270,Online,Jewellery,Same City,Debit,20,13,No,1
143417,Online,Travel,Different City,Debit,7,8,No,0
139745,POS,Shopping,Same City,Credit,8,12,No,0
197466,POS,Gaming,Same City,Credit,2,2,No,1
56317,International,Shopping,Different State,Debit,7,11,Yes,1
157305,POS,Shopping,Different State,Credit,13,3,No,1
124647,POS,Fuel,Same City,Debit,1,29,No,1
145929,POS,Food,Different State,Debit,5,11,No,1
73085,ATM,Travel,Same City,Debit,13,10,No,0
50758,POS,Food,Different State,Credit,2,15,No,1
127040,ATM,Jewellery,Same City,Credit,22,8,No,1
150370,ATM,Gaming,Same City,Debit,23,0,No,1
121138,ATM,Shopping,Same City,Credit,13,16,No,0
27516,ATM,Fuel,Different City,Debit,20,12,No,0
143208,Online,Gaming,Different City,Debit,22,18,No,1
162247,POS,Food,Same City,Credit,22,28,No,1
85906,Online,Food,Same City,Debit,3,3,No,1
189467,POS,Shopping,Different State,Debit,11,7,No,1
100105,ATM,Shopping,Same City,Credit,13,21,No,1
59624,ATM,Travel,Different State,Debit,6,13,No,0
107786,International,Gaming,Same City,Credit,10,11,Yes,1
99448,POS,Shopping,Different City,Debit,9,25,No,1
139128,International,Food,Same City,Debit,12,21,Yes,1
194233,ATM,Gaming,Same City,Credit,10,25,No,1
42522,Online,Electronics,Same City,Credit,11,15,No,0
89207,POS,Shopping,Same City,Debit,10,30,No,1
132855,ATM,Shopping,Same City,Debit,11,8,No,0
100045,ATM,Fuel,Same City,Credit,22,9,No,0
104037,POS,Gaming,Same City,Debit,0,22,No,1
111641,Online,Shopping,Same City,Credit,14,13,No,0
125500,POS,Travel,Same City,Debit,19,2,No,0
27272,Online,Food,International,Credit,16,26,Yes,0
139929,ATM,Gaming,International,Credit,17,0,Yes,1
154452,POS,Food,Different City,Debit,4,6,No,1
45421,POS,Fuel,Same City,Debit,0,29,No,1
117046,Online,Electronics,Different State,Debit,20,25,No,1
38707,POS,Fuel,Same City,Credit,7,23,No,0
125594,Online,Food,Different City,Debit,17,1,No,0
91943,International,Gaming,Same City,Credit,16,5,Yes,1
32450,POS,Electronics,Same City,Credit,8,11,No,0
70447,Online,Electronics,Same City,Credit,11,9,No,0
88846,POS,Fuel,Different State,Credit,4,30,No,1
186989,International,Food,Same City,Debit,23,15,Yes,1
162836,POS,Jewellery,Same City,Debit,12,24,No,1
174294,Online,Gaming,Different City,Credit,0,6,No,1
145613,POS,Electronics,Different State,Debit,11,22,No,0
142418,Online,Fuel,Different City,Credit,7,26,No,0
86332,POS,Shopping,Same City,Debit,7,10,No,0
131969,ATM,Food,Different State,Credit,7,28,No,1
9475,ATM,Fuel,Different State,Debit,16,2,No,0
103997,Online,Travel,Same City,Credit,13,11,No,0
73199,Online,Fuel,International,Credit,13,1,Yes,1
55219,ATM,Fuel,Different City,Credit,19,6,No,0
144926,Online,Gaming,Different City,Debit,23,21,No,1
168828,POS,Shopping,Same City,Credit,21,8,No,0
192865,Online,Gaming,Different City,Debit,16,16,No,1
181136,POS,Food,International,Credit,22,4,Yes,1
27534,Online,Food,Same City,Credit,1,25,No,0
191176,International,Travel,International,Debit,5,8,Yes,1
53507,ATM,Gaming,Different City,Credit,7,7,No,0
27154,Online,Shopping,Different City,Credit,0,12,No,0
41287,International,Travel,International,Credit,16,29,Yes,1
151638,POS,Shopping,Same City,Credit,3,0,No,1
46166,ATM,Shopping,Different City,Credit,13,12,No,0
7912,POS,Gaming,Different City,Credit,21,15,No,0
32003,Online,Shopping,Same City,Credit,2,9,No,0
190024,Online,Travel,International,Debit,20,30,Yes,1
133881,ATM,Electronics,Same City,Debit,17,20,No,0
82639,Online,Fuel,Different City,Debit,3,1,No,0
192339,ATM,Shopping,Different State,Credit,5,0,No,1
73224,International,Jewellery,Different City,Credit,2,10,Yes,0
180725,Online,Food,Different State,Credit,8,2,No,1
169787,Online,Food,Different State,Debit,22,26,No,1
59028,International,Shopping,Same City,Credit,12,19,Yes,1
155153,Online,Gaming,Same City,Debit,11,24,No,1
51125,Online,Travel,Same City,Credit,17,23,No,0
163109,Online,Food,Same City,Credit,7,17,No,0
145700,POS,Gaming,Same City,Credit,21,21,No,1
161152,Online,Shopping,Different State,Credit,11,14,No,1
149351,POS,Food,Different City,Credit,0,30,No,1
113244,ATM,Electronics,Same City,Debit,20,16,No,0
49061,Online,Food,Same City,Debit,18,11,No,0
19194,ATM,Food,Same City,Debit,3,14,No,0
76328,POS,Electronics,Same City,Credit,19,5,No,0
25415,POS,Electronics,Different City,Credit,2,19,No,0
105694,International,Food,Same City,Credit,15,10,Yes,1
19616,Online,Fuel,Different State,Debit,8,23,No,0
69935,International,Shopping,Different City,Debit,11,15,Yes,1
11993,Online,Electronics,Same City,Debit,4,4,No,0
96351,POS,Shopping,Different City,Debit,1,2,No,1
57655,International,Fuel,Same City,Debit,14,5,Yes,1
35754,Online,Fuel,International,Credit,17,19,Yes,0
189137,ATM,Food,Same City,Credit,20,30,No,1
135552,Online,Electronics,Different City,Credit,4,13,No,1
142246,International,Electronics,Same City,Credit,1,25,Yes,1
147545,POS,Electronics,Same City,Credit,11,0,No,0
121688,ATM,Shopping,Different State,Credit,5,13,No,1
11534,POS,Shopping,Different State,Debit,1,26,No,0
52426,Online,Travel,Different State,Credit,21,0,No,1
126942,Online,Electronics,International,Credit,16,18,Yes,1
147365,POS,Electronics,Same City,Debit,18,16,No,0
155577,POS,Shopping,Different State,Credit,19,8,No,1
123888,ATM,Food,Different City,Debit,23,16,No,0
124391,Online,Food,Same City,Credit,23,24,No,1
67685,Online,Shopping,Different State,Debit,12,7,No,0
18114,POS,Food,International,Debit,23,11,Yes,0
137468,ATM,Fuel,Same City,Debit,13,16,No,0
71667,International,Food,Different City,Credit,18,17,Yes,1
188253,International,Fuel,International,Credit,17,9,Yes,1
83440,ATM,Food,International,Debit,9,12,Yes,1
141708,Online,Food,Same City,Credit,8,22,No,1
94499,Online,Food,Same City,Debit,5,6,No,1
191251,ATM,Gaming,Same City,Credit,10,3,No,0
164973,POS,Electronics,Different City,Debit,7,3,No,0
26345,POS,Travel,Same City,Debit,21,0,No,0
77414,POS,Food,Same City,Debit,5,5,No,1
106562,POS,Food,Same City,Debit,8,22,No,1
179036,Online,Shopping,Same City,Credit,14,28,No,1
148444,Online,Jewellery,Same City,Debit,22,29,No,1
83856,Online,Shopping,Different City,Credit,11,30,No,1
180031,POS,Food,Different City,Debit,1,14,No,1
129156,Online,Food,Same City,Credit,19,17,No,1
92863,POS,Gaming,Same City,Credit,7,21,No,1
17339,Online,Jewellery,Same City,Debit,6,9,No,0
3299,Online,Fuel,Same City,Credit,4,30,No,1
56333,Online,Travel,Different City,Debit,2,2,No,1
164427,POS,Shopping,Same City,Debit,19,19,No,0
143084,Online,Electronics,Same City,Credit,18,10,No,0
94824,Online,Shopping,Same City,Credit,18,0,No,0
104376,POS,Jewellery,Different State,Credit,2,17,No,1
115242,POS,Shopping,Different City,Credit,15,16,No,0
178415,Online,Fuel,Same City,Credit,9,9,No,0
98395,ATM,Shopping,Same City,Credit,5,10,No,1
57238,Online,Food,Same City,Credit,12,10,No,0
102641,Online,Shopping,Same City,Credit,1,20,No,1
150225,POS,Shopping,Different State,Credit,3,2,No,0
8475,POS,Gaming,Different State,Debit,1,11,No,0
167139,ATM,Travel,Different State,Credit,7,0,No,1
30678,Online,Food,Same City,Credit,0,9,No,0
87790,International,Jewellery,Same City,Debit,18,17,Yes,1
142452,POS,Fuel,Different State,Credit,18,23,No,1
111117,Online,Food,Same City,Debit,13,21,No,1
47071,ATM,Fuel,Same City,Credit,16,5,No,0
121195,International,Fuel,Different City,Credit,14,3,Yes,1
90343,ATM,Shopping,Different City,Credit,6,13,No,0
44205,Online,Electronics,Different City,Credit,11,29,No,0
32735,POS,Fuel,Different City,Debit,18,3,No,0
29477,POS,Shopping,Same City,Credit,2,23,No,0
82137,POS,Travel,International,Credit,22,3,Yes,1
135566,Online,Shopping,International,Credit,7,15,Yes,1
183434,POS,Shopping,Same City,Credit,4,16,No,1
125822,ATM,Fuel,Same City,Debit,9,27,No,1
25259,International,Shopping,Different City,Credit,0,1,Yes,0
56133,POS,Travel,Different City,Debit,7,4,No,0
40860,Online,Shopping,Same City,Debit,20,6,No,0
196526,ATM,Electronics,Same City,Debit,11,18,No,0
51554,POS,Electronics,Different City,Debit,4,1,No,1
13392,Online,Electronics,Same City,Debit,4,22,No,0
94255,ATM,Shopping,Different State,Credit,22,6,No,0
199147,Online,Shopping,Same City,Credit,8,12,No,0
178929,International,Shopping,Different City,Credit,14,14,Yes,1
104402,International,Shopping,Same City,Credit,2,21,Yes,0
42540,International,Shopping,Different City,Debit,23,2,Yes,0
99221,ATM,Shopping,International,Credit,16,6,Yes,1
7747,Online,Fuel,Different City,Debit,2,19,No,0
42620,Online,Shopping,Different State,Debit,13,15,No,1
14747,Online,Travel,Same City,Debit,12,14,No,0
10737,Online,Electronics,International,Credit,16,25,Yes,0
94909,Online,Gaming,Different State,Debit,9,20,No,0
113211,Online,Shopping,Same City,Debit,22,7,No,0
90222,Online,Gaming,Same City,Credit,4,27,No,1
35408,Online,Fuel,Same City,Debit,8,6,No,0
174547,Online,Fuel,Same City,Debit,22,10,No,0
39763,Online,Travel,Same City,Debit,1,17,No,1
155844,International,Gaming,Different City,Debit,4,20,Yes,1
81662,International,Electronics,Different City,Credit,12,8,Yes,1
146823,Online,Shopping,Same City,Debit,9,30,No,1
49031,ATM,Gaming,Same City,Credit,7,8,No,0
9205,ATM,Shopping,Same City,Debit,21,16,No,0
7437,Online,Electronics,Same City,Credit,23,12,No,0
147874,POS,Travel,Different State,Credit,22,28,No,1
70420,POS,Jewellery,Different State,Credit,6,11,No,1
114548,Online,Travel,Different State,Credit,23,19,No,1
100319,International,Shopping,Same City,Credit,2,5,Yes,1
97077,Online,Electronics,Same City,Credit,19,29,No,1
133281,Online,Food,Different City,Credit,10,25,No,1
151020,Online,Food,Same City,Credit,7,0,No,0
72499,Online,Food,Different City,Debit,8,5,No,0
75050,Online,Gaming,Same City,Credit,6,7,No,1
41364,International,Fuel,Same City,Credit,9,6,Yes,0
14737,POS,Food,Different City,Credit,3,30,No,0
4837,Online,Gaming,Different City,Credit,16,26,No,0
43881,Online,Shopping,Same City,Credit,2,29,No,1
73723,Online,Shopping,Different State,Debit,23,28,No,1
132610,ATM,Food,Different State,Debit,21,15,No,0
130443,Online,Jewellery,Different State,Debit,21,0,No,1
107820,ATM,Fuel,Different State,Credit,14,14,No,1
151436,Online,Electronics,Same City,Credit,0,3,No,1
16338,POS,Shopping,Different City,Debit,4,26,No,0
140873,Online,Jewellery,Same City,Debit,21,1,No,0
39941,POS,Electronics,Different City,Credit,5,10,No,1
51183,Online,Shopping,Same City,Debit,22,25,No,0
57146,ATM,Travel,Different City,Credit,5,29,No,0
31982,Online,Gaming,Same City,Credit,12,5,No,0
7122,POS,Shopping,Different City,Debit,7,11,No,0
98018,International,Food,Different State,Debit,6,29,Yes,1
44396,Online,Electronics,Different State,Credit,19,6,No,0
158275,POS,Shopping,Same City,Credit,22,26,No,1
58311,ATM,Shopping,Same City,Credit,16,11,No,0
123187,Online,Fuel,Different City,Credit,16,5,No,0
130604,ATM,Shopping,Same City,Credit,6,12,No,1
3811,POS,Shopping,Same City,Debit,17,7,No,0
146448,POS,Gaming,Same City,Credit,15,21,No,1
165320,Online,Electronics,Same City,Debit,12,15,No,0
116129,ATM,Shopping,Same City,Debit,6,22,No,1
37228,International,Fuel,Same City,Debit,19,9,Yes,0
40461,Online,Jewellery,Different State,Credit,22,26,No,0
179754,POS,Shopping,Different City,Credit,1,12,No,1
162087,International,Food,Same City,Credit,12,7,Yes,1
166674,ATM,Travel,Different State,Credit,20,3,No,1
71286,Online,Electronics,Same City,Debit,0,15,No,1
60161,ATM,Jewellery,Different State,Debit,10,4,No,0
173112,Online,Electronics,Same City,Debit,16,25,No,1
104773,Online,Fuel,Same City,Credit,2,10,No,1
124918,Online,Food,Different City,Debit,20,21,No,1
22769,Online,Electronics,Same City,Credit,21,10,No,0
71303,Online,Jewellery,Same City,Debit,18,6,No,1
118290,POS,Food,Same City,Credit,0,25,No,1
66585,Online,Jewellery,Different City,Credit,20,15,No,1
191193,POS,Shopping,Same City,Credit,7,24,No,1
162709,Online,Travel,Different City,Credit,18,30,No,1
56623,Online,Food,Different State,Credit,19,24,No,0
114879,POS,Electronics,Same City,Debit,22,18,No,0
140285,POS,Gaming,Same City,Credit,20,29,No,1
165503,POS,Fuel,Different City,Credit,3,19,No,1
100299,Online,Shopping,International,Debit,18,20,Yes,1
61225,Online,Shopping,Same City,Credit,0,24,No,1
99226,Online,Food,Different City,Debit,9,15,No,1
13191,Online,Food,Different City,Credit,9,17,No,0
114200,POS,Food,Same City,Credit,9,28,No,1
110145,ATM,Food,Same City,Debit,1,8,No,1
8757,Online,Shopping,Same City,Credit,6,1,No,0
101319,International,Travel,Different City,Debit,14,2,Yes,1
166558,POS,Food,Different City,Credit,10,6,No,1
97345,POS,Electronics,Same City,Credit,5,16,No,1
108503,POS,Food,Same City,Credit,10,19,No,0
137599,POS,Travel,Different City,Credit,12,11,No,0
108613,POS,Shopping,International,Debit,9,23,Yes,1
185969,Online,Shopping,Different State,Debit,12,18,No,1
154525,Online,Gaming,Different State,Debit,8,8,No,1
74834,Online,Fuel,Different State,Credit,16,24,No,1
172428,POS,Shopping,Same City,Credit,16,13,No,0
189617,POS,Jewellery,International,Debit,17,20,Yes,1
137040,POS,Jewellery,Same City,Credit,0,28,No,1
116896,Online,Electronics,Same City,Credit,1,15,No,1
136040,Online,Food,Different City,Credit,10,15,No,0
34679,ATM,Shopping,Same City,Credit,8,18,No,0
79893,Online,Shopping,Different City,Credit,1,26,No,0
193377,ATM,Shopping,Different State,Credit,14,10,No,1
93485,POS,Gaming,Same City,Credit,20,21,No,1
707,POS,Food,Different State,Debit,19,6,No,0
68543,POS,Travel,Same City,Debit,12,12,No,0
19099,Online,Travel,Same City,Debit,9,28,No,0
106896,Online,Electronics,Same City,Debit,6,9,No,0
48101,Online,Shopping,Same City,Credit,21,14,No,0
109069,POS,Electronics,Different State,Credit,17,26,No,0
144847,ATM,Jewellery,Different City,Debit,4,18,No,1
100089,ATM,Jewellery,Same City,Debit,2,20,No,1
127841,Online,Food,Same City,Credit,1,9,No,1
83602,Online,Shopping,Different State,Debit,1,5,No,1
146660,POS,Food,Same City,Credit,10,23,No,1
199008,Online,Shopping,Same City,Credit,7,0,No,0
35343,Online,Gaming,Same City,Credit,0,7,No,0
51812,Online,Travel,Same City,Debit,21,28,No,0
119714,Online,Fuel,Same City,Credit,15,19,No,0
196944,ATM,Shopping,Different City,Credit,20,11,No,0
20610,International,Shopping,Same City,Credit,8,26,Yes,0
61700,Online,Food,Different State,Debit,1,4,No,1
120280,Online,Jewellery,Different City,Debit,0,2,No,1
42841,International,Gaming,Same City,Credit,11,1,Yes,0
189423,Online,Fuel,Different City,Credit,23,24,No,1
124955,POS,Electronics,Same City,Credit,3,19,No,1
157575,International,Shopping,Same City,Credit,20,17,Yes,1
115628,Online,Electronics,Different City,Credit,2,5,No,1
157071,Online,Jewellery,Different State,Credit,12,24,No,1
186906,Online,Travel,Different City,Debit,15,7,No,0
118423,POS,Jewellery,Different State,Credit,2,2,No,1
31354,POS,Jewellery,Same City,Debit,22,17,No,0
194806,POS,Gaming,Different State,Debit,14,27,No,0
127169,Online,Shopping,Different City,Credit,4,11,No,1
162478,POS,Electronics,Same City,Credit,3,15,No,1
46107,Online,Travel,Same City,Credit,7,17,No,0
42973,Online,Fuel,Same City,Credit,5,12,No,1
179694,ATM,Gaming,Different City,Debit,6,29,No,1
193022,Online,Travel,Same City,Debit,9,9,No,0
4955,Online,Fuel,Same City,Credit,10,0,No,0
5555,ATM,Shopping,Same City,Debit,16,21,No,0
160552,ATM,Food,Different State,Credit,8,19,No,1
47720,Online,Gaming,Same City,Debit,19,23,No,0
61224,Online,Travel,Same City,Credit,5,5,No,1
148798,Online,Food,Different State,Credit,2,4,No,1
35180,Online,Food,Different City,Credit,18,9,No,0
84662,International,Jewellery,Different City,Credit,4,18,Yes,1
198661,POS,Gaming,Same City,Credit,21,23,No,1
169380,Online,Fuel,Different City,Debit,5,1,No,1
20022,Online,Food,Same City,Debit,17,10,No,0
53777,POS,Shopping,Same City,Debit,1,8,No,1
58938,POS,Shopping,Different State,Credit,4,3,No,1
45423,ATM,Food,Same City,Debit,3,22,No,1
40379,ATM,Travel,Same City,Debit,9,28,No,1
152890,Online,Food,Different City,Credit,9,9,No,0
176711,Online,Electronics,Same City,Debit,15,14,No,0
126044,Online,Food,Same City,Debit,12,20,No,0
104772,POS,Electronics,Same City,Credit,4,6,No,1
47362,Online,Shopping,International,Debit,5,2,Yes,1
4584,Online,Shopping,Same City,Debit,17,6,No,0
29661,Online,Travel,Same City,Debit,22,27,No,0
123585,ATM,Food,Different State,Credit,19,19,No,1
72893,POS,Travel,Different City,Credit,6,3,No,0
5317,Online,Fuel,Same City,Credit,22,23,No,0
658,Online,Food,Same City,Credit,10,6,No,0
49527,ATM,Shopping,Different City,Credit,5,8,No,1
138894,ATM,Travel,Same City,Credit,22,5,No,0
161566,Online,Electronics,Different City,Credit,14,12,No,0
113397,Online,Travel,Same City,Credit,7,5,No,0
54313,ATM,Travel,Different State,Debit,6,6,No,0
106926,International,Shopping,Same City,Credit,20,30,Yes,1
196719,ATM,Food,Same City,Credit,13,17,No,0
28584,Online,Shopping,Same City,Credit,5,6,No,0
188030,POS,Shopping,Same City,Credit,7,11,No,0
120971,POS,Electronics,Same City,Credit,22,30,No,1
183683,Online,Jewellery,Same City,Credit,20,1,No,1
165027,POS,Fuel,Same City,Debit,17,16,No,0
171591,ATM,Shopping,Same City,Credit,19,14,No,0
30712,POS,Travel,Same City,Debit,13,18,No,0
168724,Online,Electronics,Same City,Credit,23,21,No,0
187845,ATM,Shopping,Same City,Credit,12,17,No,0
44878,POS,Food,Different State,Credit,14,6,No,0
133067,POS,Fuel,Same City,Credit,19,8,No,0
164798,POS,Electronics,Different City,Debit,18,27,No,1
116767,Online,Travel,Different City,Credit,18,9,No,0
114885,POS,Food,Same City,Credit,19,14,No,0
178283,POS,Travel,Different City,Debit,9,12,No,0
133546,Online,Gaming,Same City,Credit,13,14,No,1
120249,POS,Gaming,Same City,Debit,17,25,No,1
99929,Online,Gaming,Same City,Credit,0,25,No,1
173870,POS,Fuel,Different State,Credit,5,3,No,1
8331,Online,Shopping,Same City,Credit,9,17,No,0
16144,Online,Travel,Same City,Debit,11,16,No,0
58149,Online,Fuel,Different City,Credit,21,25,No,1
126575,Online,Fuel,Different City,Debit,23,15,No,0
195007,International,Travel,Same City,Debit,0,4,Yes,1
117298,ATM,Fuel,Same City,Credit,21,11,No,0
199269,POS,Shopping,Different State,Debit,11,20,No,1
93799,Online,Shopping,Same City,Credit,14,17,No,0
77220,Online,Travel,Same City,Credit,23,29,No,0
31115,POS,Shopping,Different State,Debit,0,3,No,0
53589,Online,Fuel,Same City,Credit,9,9,No,0
66177,Online,Gaming,Same City,Credit,21,10,No,1
146540,International,Food,Different State,Credit,1,12,Yes,1
33142,Online,Fuel,Different City,Credit,15,4,No,0
111634,ATM,Shopping,Different State,Credit,0,10,No,1
166614,POS,Food,Different State,Credit,9,15,No,1
79680,POS,Electronics,Same City,Credit,19,13,No,0
25367,ATM,Fuel,Same City,Credit,15,26,No,0
36060,Online,Electronics,Same City,Credit,19,1,No,1
65409,Online,Gaming,International,Debit,2,29,Yes,1
123910,Online,Electronics,Same City,Debit,15,5,No,0
71062,POS,Travel,Same City,Credit,10,22,No,1
145365,Online,Shopping,Different City,Credit,11,4,No,0
82053,Online,Shopping,Same City,Credit,19,2,No,0
14449,Online,Shopping,Different State,Credit,9,19,No,0
117602,POS,Food,Same City,Credit,6,11,No,0
78104,Online,Travel,Different City,Debit,3,26,No,1
121012,Online,Gaming,Different City,Debit,14,6,No,1
158181,Online,Food,Same City,Credit,7,6,No,0
57187,Online,Fuel,Same City,Credit,20,16,No,0
47867,Online,Shopping,Same City,Credit,5,25,No,1
18008,Online,Shopping,Same City,Credit,9,26,No,0
48322,Online,Shopping,Same City,Credit,9,13,No,0
173349,Online,Food,Same City,Debit,16,1,No,0
148086,ATM,Food,Different City,Credit,8,27,No,1
23069,POS,Food,Same City,Credit,12,18,No,0
81467,Online,Fuel,Same City,Debit,8,28,No,1
112824,Online,Fuel,Same City,Credit,18,25,No,0
9781,Online,Travel,Different City,Credit,18,0,No,0
61429,ATM,Electronics,Same City,Credit,2,17,No,1
174051,POS,Fuel,Same City,Credit,8,23,No,1
135550,Online,Electronics,Different State,Debit,23,14,No,1
114929,Online,Fuel,Same City,Debit,15,10,No,0
149788,Online,Travel,International,Debit,18,1,Yes,1
18832,Online,Gaming,Different City,Debit,21,27,No,0
19493,ATM,Food,Same City,Debit,14,28,No,0
3871,International,Electronics,Same City,Debit,8,29,Yes,0
26021,ATM,Electronics,Same City,Credit,5,16,No,0
137298,Online,Shopping,Same City,Credit,16,16,No,0
113979,ATM,Shopping,Same City,Credit,15,26,No,1
72216,International,Food,Same City,Debit,23,25,Yes,1
188879,POS,Fuel,Different State,Credit,18,1,No,1
38846,POS,Food,Same City,Credit,11,2,No,0
172326,Online,Travel,Different City,Debit,14,30,No,1
175457,Online,Shopping,Same City,Debit,3,3,No,1
153321,Online,Shopping,Different State,Credit,18,15,No,1
169528,ATM,Food,Same City,Credit,18,1,No,0
86106,ATM,Electronics,Different State,Debit,1,9,No,1
35654,Online,Electronics,Same City,Credit,10,29,No,0
139280,POS,Food,Same City,Debit,2,6,No,1
133703,POS,Food,Same City,Credit,19,1,No,0
164367,Online,Food,Different State,Debit,13,2,No,1
76619,POS,Shopping,Different City,Debit,12,7,No,0
149023,Online,Food,Different State,Credit,9,7,No,1
178054,POS,Gaming,Different State,Debit,15,15,No,1
7485,ATM,Travel,Same City,Debit,12,13,No,1
65471,Online,Travel,Same City,Credit,2,26,No,1
108158,Online,Fuel,Different City,Debit,10,20,No,0
87855,POS,Fuel,Different State,Credit,8,1,No,1
32721,Online,Gaming,Same City,Credit,6,0,No,0
127660,Online,Food,International,Credit,3,8,Yes,1
177422,Online,Shopping,Different City,Credit,10,25,No,1
5764,POS,Gaming,Same City,Credit,8,22,No,0
172925,ATM,Gaming,Different City,Credit,5,5,No,1
73033,International,Travel,Different City,Debit,11,3,Yes,1
62262,ATM,Electronics,Same City,Debit,4,27,No,1
118985,Online,Shopping,Different City,Credit,17,30,No,1
31509,ATM,Electronics,Different State,Debit,23,24,No,0
53340,Online,Shopping,Same City,Credit,2,16,No,1
143853,POS,Gaming,Same City,Credit,23,7,No,1
74539,ATM,Food,Different State,Credit,22,0,No,0
163334,International,Jewellery,Same City,Credit,20,27,Yes,1
6179,Online,Shopping,Same City,Credit,5,1,No,0
17878,POS,Shopping,Different State,Debit,19,1,No,0
93449,POS,Shopping,Same City,Credit,0,1,No,1
129795,POS,Fuel,Same City,Credit,5,8,No,1
63066,ATM,Gaming,Same City,Credit,19,9,No,1
166375,International,Shopping,Same City,Debit,0,18,Yes,1
146381,POS,Electronics,International,Debit,18,13,Yes,1
46619,Online,Jewellery,Different State,Debit,5,9,No,0
182000,POS,Shopping,Same City,Credit,19,1,No,1
80179,Online,Food,Different City,Credit,15,0,No,0
104788,Online,Gaming,Same City,Debit,1,1,No,1
62082,Online,Fuel,Different City,Credit,11,6,No,0
142628,POS,Shopping,Same City,Debit,0,1,No,1
63904,Online,Jewellery,Different City,Credit,14,6,No,1
23555,Online,Electronics,Different City,Credit,2,3,No,0
99891,POS,Electronics,Same City,Credit,12,15,No,0
31544,Online,Fuel,Same City,Debit,8,23,No,0
29427,International,Shopping,Same City,Debit,2,15,Yes,0
119319,Online,Shopping,Same City,Debit,7,24,No,1
34636,Online,Shopping,Different City,Credit,10,5,No,0
154165,Online,Shopping,International,Debit,21,23,Yes,0
71297,Online,Fuel,Different State,Credit,5,12,No,1
54689,POS,Food,Different City,Credit,7,29,No,0
107310,Online,Travel,Different State,Debit,0,21,No,1
90525,ATM,Food,Same City,Credit,1,4,No,1
150825,POS,Food,International,Credit,2,5,Yes,1
141786,ATM,Jewellery,Different City,Debit,17,28,No,1
125658,POS,Electronics,Different State,Credit,13,4,No,1
99549,International,Fuel,Same City,Credit,14,8,Yes,0
196498,Online,Fuel,Different City,Credit,18,3,No,0
128732,Online,Fuel,Same City,Credit,1,1,No,1
193294,POS,Travel,Different State,Debit,6,12,No,1
191560,POS,Fuel,Different State,Debit,8,17,No,1
114669,Online,Jewellery,Same City,Credit,7,18,No,1
107636,Online,Food,Same City,Debit,5,2,No,1
52345,POS,Travel,International,Credit,0,11,Yes,1
490,ATM,Electronics,Same City,Credit,17,16,No,0
76564,POS,Jewellery,Same City,Credit,19,0,No,0
136701,POS,Electronics,International,Credit,3,12,Yes,1
6166,POS,Fuel,Same City,Credit,23,20,No,0
61729,Online,Travel,International,Debit,18,21,Yes,1
151401,POS,Electronics,Different City,Credit,17,25,No,1
78796,POS,Fuel,Same City,Debit,17,13,No,0
67736,Online,Shopping,Same City,Credit,18,16,No,0
57540,Online,Shopping,Same City,Debit,14,2,No,0
137303,ATM,Food,Different City,Credit,11,22,No,1
131499,Online,Gaming,Different State,Credit,0,6,No,1
174355,Online,Food,Same City,Credit,13,13,No,1
84419,Online,Gaming,Different City,Credit,22,8,No,1
113331,Online,Electronics,Same City,Credit,8,28,No,1
4302,ATM,Electronics,Same City,Credit,16,4,No,0
171179,Online,Food,International,Credit,0,4,Yes,1
102619,Online,Travel,Same City,Credit,8,22,No,1
35736,POS,Electronics,Same City,Debit,13,9,No,0
58366,Online,Travel,Same City,Credit,19,3,No,0
146904,International,Travel,Same City,Credit,21,13,Yes,1
164816,Online,Gaming,Same City,Credit,9,21,No,1
104323,Online,Shopping,Same City,Credit,1,8,No,1
6268,Online,Shopping,Same City,Credit,2,0,No,0
195564,International,Shopping,Different State,Credit,20,13,Yes,1
23580,Online,Gaming,Same City,Credit,11,0,No,0
112660,Online,Food,International,Debit,23,29,Yes,1
67877,Online,Electronics,International,Credit,5,28,Yes,1
115392,Online,Shopping,Different City,Credit,0,3,No,1
87366,Online,Food,Different City,Debit,6,30,No,1
129027,ATM,Food,Same City,Debit,2,15,No,1
140283,Online,Jewellery,Different City,Debit,4,26,No,1
48143,Online,Jewellery,Same City,Debit,22,25,No,0
92134,International,Electronics,International,Debit,8,2,Yes,1
162996,ATM,Fuel,Same City,Credit,16,27,No,1
163558,Online,Travel,Same City,Credit,1,20,No,1
4043,Online,Jewellery,Same City,Credit,16,18,No,0
79093,International,Shopping,Same City,Credit,6,9,Yes,1
190431,Online,Electronics,Same City,Credit,3,4,No,1
167137,Online,Food,Different City,Credit,11,8,No,0
45206,Online,Food,Different City,Debit,20,26,No,0
32533,Online,Electronics,Same City,Credit,17,2,No,0
121629,Online,Fuel,Same City,Credit,10,21,No,1
75466,POS,Fuel,Different State,Debit,16,16,No,0
110141,POS,Jewellery,Same City,Debit,0,11,No,1
26512,International,Shopping,Same City,Debit,9,6,Yes,0
73229,Online,Electronics,Same City,Credit,22,12,No,0
160348,POS,Travel,Same City,Debit,15,4,No,0
191460,POS,Travel,Same City,Credit,5,1,No,1
52959,Online,Food,Different State,Debit,1,2,No,1
72457,Online,Shopping,Same City,Debit,3,7,No,1
180942,POS,Shopping,Different State,Debit,17,13,No,0
196502,Online,Gaming,Same City,Debit,11,21,No,1
197037,International,Electronics,Same City,Credit,9,27,Yes,1
122431,ATM,Food,Same City,Credit,3,2,No,1
114800,Online,Food,Same City,Credit,15,29,No,1
138639,POS,Fuel,Same City,Credit,4,24,No,1
199448,Online,Shopping,Same City,Credit,13,0,No,0
134313,Online,Gaming,International,Credit,6,21,Yes,1
198849,POS,Jewellery,Same City,Credit,3,17,No,1
88926,ATM,Shopping,Different State,Credit,3,28,No,1
47826,ATM,Travel,Different City,Debit,11,25,No,0
131303,Online,Shopping,Same City,Debit,6,25,No,1
56011,ATM,Jewellery,Same City,Debit,12,18,No,0
100881,POS,Electronics,Different City,Debit,8,12,No,0
5322,Online,Food,Different City,Credit,19,22,No,0
151636,ATM,Fuel,Same City,Debit,4,2,No,1
192985,Online,Food,Same City,Credit,2,0,No,1
2628,Online,Food,International,Debit,20,16,Yes,0
41136,Online,Shopping,Different City,Credit,17,27,No,0
36001,Online,Fuel,Same City,Credit,0,9,No,1
193716,Online,Fuel,Same City,Credit,7,1,No,0
96647,International,Food,Different City,Debit,22,17,Yes,1
183151,Online,Electronics,Same City,Debit,19,27,No,1
81327,POS,Shopping,Same City,Debit,8,29,No,1
68146,ATM,Shopping,Same City,Debit,13,27,No,1
84001,POS,Travel,Same City,Debit,3,4,No,1
20117,International,Fuel,Same City,Credit,7,18,Yes,0
147631,POS,Shopping,Same City,Credit,20,1,No,0
157008,POS,Shopping,Same City,Credit,9,13,No,0
97043,ATM,Food,Same City,Credit,11,2,No,0
7260,POS,Shopping,Same City,Credit,12,25,No,0
171106,POS,Jewellery,Different City,Credit,23,1,No,1
127679,Online,Jewellery,Same City,Debit,14,9,No,1
79192,POS,Food,Same City,Credit,1,5,No,1
87218,Online,Electronics,Different City,Credit,4,28,No,1
145590,POS,Food,Same City,Credit,8,4,No,1
171202,ATM,Electronics,Same City,Debit,22,6,No,0
54690,POS,Jewellery,Same City,Credit,4,11,No,1
57218,ATM,Food,Same City,Credit,1,13,No,1
182049,Online,Food,Different State,Credit,12,18,No,1
46333,Online,Food,Same City,Credit,0,11,No,1
180272,POS,Fuel,Different State,Credit,18,13,No,1
85918,POS,Food,International,Debit,10,6,Yes,1
193527,Online,Travel,Different City,Credit,14,15,No,0
90346,Online,Food,Same City,Debit,0,7,No,1
138241,Online,Fuel,Same City,Debit,23,26,No,1
191109,Online,Shopping,Same City,Debit,4,15,No,1
199742,Online,Travel,Same City,Debit,13,19,No,0
129027,Online,Shopping,Different State,Credit,17,11,No,1
70408,ATM,Food,Different City,Credit,5,30,No,1
111466,International,Shopping,Different City,Debit,5,0,Yes,1
195889,Online,Jewellery,Different City,Credit,3,28,No,1
177993,Online,Travel,Same City,Credit,0,27,No,1
121879,ATM,Electronics,International,Debit,2,12,Yes,1
116924,ATM,Shopping,Same City,Credit,1,9,No,1
54803,Online,Fuel,Same City,Debit,12,18,No,0
29756,ATM,Food,Different City,Debit,13,7,No,0
1497,POS,Jewellery,Same City,Credit,10,8,No,0
91796,POS,Gaming,International,Credit,22,19,Yes,1
158621,Online,Travel,Same City,Debit,5,17,No,1
42060,ATM,Shopping,Same City,Credit,1,9,No,1
147742,ATM,Shopping,Different State,Debit,14,12,No,1
45095,POS,Shopping,Different City,Credit,6,18,No,0
163528,POS,Gaming,Same City,Debit,16,27,No,1
79097,ATM,Food,Same City,Credit,13,27,No,1
44571,Online,Shopping,Different City,Credit,5,19,No,0
48903,ATM,Fuel,Different State,Debit,7,19,No,1
68007,POS,Fuel,Different City,Credit,5,11,No,1
64919,Online,Shopping,Same City,Credit,1,4,No,1
171011,ATM,Food,International,Credit,23,7,Yes,1
74464,Online,Electronics,Different State,Credit,12,18,No,0
145428,ATM,Food,Different State,Debit,7,6,No,1
77312,ATM,Food,Same City,Credit,0,25,No,1
91016,POS,Electronics,International,Credit,4,26,Yes,1
70738,ATM,Shopping,Different State,Credit,10,24,No,1
82165,International,Gaming,Different City,Debit,3,4,Yes,1
130231,Online,Shopping,Same City,Credit,8,5,No,0
4002,Online,Gaming,Different State,Debit,18,6,No,0
89726,POS,Electronics,Different City,Credit,14,2,No,0
26281,POS,Shopping,Same City,Debit,8,15,No,0
175154,ATM,Gaming,Same City,Credit,4,22,No,0
162841,Online,Food,Different City,Credit,18,18,No,0
194565,ATM,Fuel,Same City,Credit,1,6,No,1
27859,Online,Electronics,Different State,Credit,10,3,No,0
188790,ATM,Shopping,Different City,Credit,21,26,No,0
115867,POS,Gaming,Different City,Credit,19,4,No,1
194413,Online,Shopping,International,Credit,7,22,Yes,1
164800,ATM,Food,International,Debit,18,5,Yes,1
2046,Online,Travel,Same City,Credit,20,12,No,0
52076,International,Fuel,Different City,Credit,17,13,Yes,1
93939,ATM,Jewellery,Same City,Credit,17,21,No,1
113684,Online,Fuel,Same City,Credit,11,23,No,1
50459,ATM,Travel,International,Credit,13,22,Yes,1
35483,Online,Shopping,Different City,Credit,15,4,No,0
44214,Online,Jewellery,Different State,Debit,10,23,No,0
153612,Online,Travel,Same City,Debit,0,24,No,1
48164,Online,Electronics,International,Credit,9,14,Yes,0
107890,Online,Electronics,Different State,Debit,2,27,No,1
42705,Online,Food,Same City,Credit,19,0,No,0
158824,POS,Food,Same City,Debit,1,4,No,1
164,Online,Fuel,Same City,Debit,18,11,No,0
48625,Online,Fuel,Different City,Credit,7,19,No,0
193385,ATM,Gaming,Same City,Debit,17,19,No,1
42127,Online,Travel,Same City,Credit,12,27,No,1
12362,Online,Shopping,Same City,Credit,21,1,No,0
73758,Online,Jewellery,Different City,Debit,1,15,No,1
34126,Online,Shopping,Same City,Debit,0,0,No,0
59939,POS,Shopping,Same City,Credit,13,21,No,0
58540,POS,Shopping,Different State,Credit,13,3,No,1
161900,Online,Electronics,International,Credit,6,22,Yes,1
91579,Online,Fuel,Same City,Debit,14,5,No,0
172719,ATM,Travel,Same City,Credit,1,13,No,1
54738,ATM,Gaming,Same City,Debit,8,28,No,0
18308,POS,Fuel,Same City,Credit,0,2,No,0
129707,POS,Travel,Same City,Debit,1,28,No,1
146995,Online,Food,Different State,Credit,15,5,No,1
90631,Online,Food,Same City,Debit,18,8,No,0
199553,International,Shopping,Different State,Debit,11,23,Yes,1
199608,Online,Travel,Same City,Debit,5,6,No,1
192498,POS,Shopping,Same City,Debit,19,10,No,0
88499,POS,Food,Different City,Credit,2,12,No,1
61561,Online,Gaming,Same City,Debit,18,24,No,1
139988,Online,Electronics,Same City,Credit,20,20,No,0
24705,Online,Travel,International,Credit,8,6,Yes,0
103956,POS,Shopping,Different City,Debit,11,28,No,1
108652,ATM,Shopping,Different State,Debit,12,17,No,1
17701,Online,Food,Different City,Credit,16,23,No,0
8897,International,Shopping,Same City,Debit,18,26,Yes,0
135634,Online,Shopping,Same City,Debit,17,12,No,1
62015,Online,Electronics,Same City,Credit,1,7,No,1
116546,Online,Food,Same City,Credit,12,15,No,0
174654,Online,Fuel,Same City,Debit,3,17,No,1
48081,POS,Food,Different State,Credit,18,20,No,0
21407,POS,Electronics,Same City,Debit,13,10,No,0
199310,Online,Gaming,Different State,Credit,6,18,No,1
79970,POS,Shopping,Same City,Debit,16,24,No,1
104906,Online,Fuel,Different State,Debit,0,27,No,1
79446,POS,Shopping,Same City,Credit,8,20,No,0
110878,ATM,Electronics,Same City,Credit,23,14,No,1
102533,Online,Fuel,Different City,Credit,5,18,No,1
177352,ATM,Shopping,Same City,Debit,18,5,No,0
133523,ATM,Shopping,International,Debit,5,15,Yes,1
40448,Online,Food,Different State,Credit,7,14,No,0
193441,International,Shopping,Same City,Debit,19,8,Yes,1
154060,Online,Shopping,Different City,Credit,21,30,No,1
22932,POS,Shopping,Same City,Debit,20,19,No,0
29710,Online,Electronics,Different City,Credit,0,12,No,0
16748,POS,Fuel,Same City,Credit,8,19,No,0
71286,Online,Fuel,Different City,Credit,7,25,No,1
38556,ATM,Electronics,Different State,Credit,23,17,No,0
123694,POS,Jewellery,Same City,Credit,20,8,No,1
177781,Online,Fuel,Same City,Debit,1,3,No,1
66316,ATM,Gaming,Different City,Credit,20,16,No,1
486,Online,Food,Same City,Credit,19,4,No,0
78309,Online,Fuel,Same City,Credit,17,1,No,0
17294,POS,Food,Same City,Debit,13,17,No,0
77690,ATM,Fuel,Same City,Debit,21,27,No,0
38715,POS,Gaming,International,Debit,5,20,Yes,1
165603,Online,Shopping,Same City,Credit,18,21,No,1
157344,ATM,Food,Same City,Debit,12,12,No,0
146237,Online,Shopping,Same City,Debit,14,1,No,0
46035,International,Food,Different City,Debit,8,8,Yes,1
156039,Online,Gaming,Different City,Credit,16,21,No,1
127122,ATM,Shopping,Same City,Debit,21,29,No,1
78286,Online,Fuel,Same City,Credit,18,2,No,0
41049,International,Travel,Same City,Credit,8,18,Yes,0
184705,Online,Gaming,Different City,Credit,4,29,No,1
63613,Online,Shopping,Different City,Debit,1,11,No,1
183181,ATM,Food,Different City,Debit,14,25,No,1
73076,POS,Jewellery,Different State,Debit,8,26,No,1
133798,POS,Shopping,Different State,Credit,15,7,No,1
72568,International,Food,Same City,Credit,4,7,Yes,1
100018,Online,Travel,Different State,Debit,13,9,No,1
34007,Online,Food,Different State,Debit,21,28,No,0
196313,Online,Food,Different City,Credit,5,30,No,1
162598,Online,Food,Same City,Debit,18,18,No,0
49682,ATM,Food,International,Debit,19,21,Yes,0
154237,International,Gaming,International,Credit,6,10,Yes,1
192724,POS,Jewellery,Different City,Credit,15,14,No,1
97661,International,Food,Same City,Credit,16,5,Yes,0
66021,ATM,Fuel,Same City,Credit,16,23,No,1
157252,Online,Jewellery,Same City,Credit,2,9,No,1
171115,International,Electronics,International,Credit,19,23,Yes,1
17752,International,Food,Different City,Credit,1,27,Yes,0
147955,Online,Food,Same City,Credit,18,15,No,0
166710,ATM,Travel,Same City,Debit,13,20,No,0
176093,Online,Shopping,Different State,Debit,4,9,No,1
86478,POS,Electronics,Same City,Credit,7,10,No,0
8221,POS,Travel,Same City,Debit,3,19,No,0
146559,International,Food,Different State,Credit,17,29,Yes,1
9001,POS,Fuel,Same City,Credit,0,2,No,0
95650,Online,Jewellery,Same City,Credit,3,29,No,1
150012,Online,Travel,Different City,Debit,23,20,No,0
76221,ATM,Shopping,Same City,Debit,15,8,No,0
42925,Online,Jewellery,Different City,Credit,19,10,No,0
25510,Online,Travel,Same City,Debit,2,15,No,0
91748,Online,Food,Different City,Debit,5,30,No,0
182292,Online,Gaming,Different State,Credit,2,18,No,1
127050,Online,Travel,Same City,Debit,9,27,No,1
72205,ATM,Food,Different City,Debit,15,13,No,1
196653,International,Food,Same City,Credit,2,29,Yes,1
1446,POS,Travel,Same City,Debit,19,2,No,0
165217,Online,Fuel,Different City,Debit,11,2,No,0
62724,International,Shopping,Same City,Credit,8,11,Yes,1
67154,Online,Fuel,Different City,Credit,0,11,No,1
194607,Online,Electronics,Same City,Debit,14,8,No,0
162407,Online,Food,Different City,Credit,12,1,No,0
124040,Online,Food,Different City,Debit,0,22,No,1
81825,Online,Food,Same City,Debit,19,29,No,1
143212,Online,Shopping,Same City,Debit,18,12,No,0
42126,ATM,Electronics,Same City,Credit,17,17,No,0
73159,POS,Electronics,Same City,Credit,17,0,No,0
84430,Online,Electronics,Same City,Debit,9,22,No,1
157468,Online,Shopping,Same City,Debit,4,6,No,1
49874,POS,Travel,Same City,Credit,16,28,No,0
113346,POS,Travel,International,Credit,1,19,Yes,1
178226,POS,Gaming,Different City,Credit,23,26,No,1
74063,ATM,Shopping,Same City,Debit,4,25,No,1
26382,Online,Travel,Different City,Credit,10,5,No,0
63268,Online,Shopping,Different City,Credit,9,14,No,0
176322,International,Shopping,Same City,Debit,15,21,Yes,0
125249,International,Food,Same City,Credit,22,30,Yes,1
139514,POS,Electronics,Same City,Debit,6,2,No,0
16752,Online,Electronics,Different State,Credit,23,7,No,0
110521,ATM,Travel,Same City,Credit,13,5,No,0
184419,ATM,Food,Same City,Credit,0,4,No,1
19412,POS,Food,Same City,Credit,17,29,No,0
56744,International,Travel,Same City,Debit,1,12,Yes,1
103968,Online,Food,Same City,Credit,23,16,No,0
23097,POS,Food,Different State,Debit,18,3,No,1
56816,POS,Gaming,International,Credit,23,7,Yes,1
37629,Online,Shopping,Same City,Credit,6,24,No,0
198536,Online,Travel,Different City,Credit,3,18,No,1
49035,International,Shopping,Different City,Credit,1,4,Yes,1
121595,Online,Fuel,Same City,Credit,10,8,No,0
165293,POS,Shopping,Same City,Debit,19,9,No,0
86444,Online,Shopping,Different City,Debit,3,22,No,1
102149,Online,Food,Same City,Debit,9,24,No,1
106568,Online,Shopping,Different State,Credit,3,15,No,1
13818,Online,Food,Same City,Debit,13,3,No,0
36679,Online,Food,Same City,Credit,20,4,No,0
106557,Online,Shopping,Different State,Credit,16,11,No,0
98262,International,Electronics,Same City,Credit,23,20,Yes,1
111028,POS,Shopping,Same City,Credit,14,18,No,0
33903,Online,Food,Same City,Credit,9,14,No,0
14941,POS,Jewellery,Different City,Credit,3,21,No,0
182131,International,Fuel,Different City,Credit,14,3,Yes,1
192864,Online,Gaming,Same City,Credit,12,13,No,1
78833,ATM,Food,Same City,Credit,3,17,No,1
84580,POS,Travel,Different City,Credit,12,17,No,0
98208,POS,Shopping,Same City,Credit,23,22,No,1
124368,ATM,Shopping,Same City,Debit,20,3,No,0
43076,Online,Food,Same City,Credit,4,22,No,1
183234,POS,Electronics,Same City,Credit,12,9,No,0
48870,ATM,Jewellery,Same City,Debit,12,29,No,0
120735,Online,Fuel,Different City,Credit,14,15,No,0
163140,International,Shopping,Different City,Debit,20,4,Yes,0
62568,POS,Shopping,Same City,Debit,0,2,No,1
49618,Online,Electronics,Same City,Credit,6,30,No,0
173073,Online,Gaming,Same City,Debit,21,15,No,1
84269,ATM,Food,Same City,Credit,12,1,No,0
116115,Online,Travel,Different City,Credit,17,30,No,1
7821,Online,Fuel,Different State,Debit,6,21,No,0
198901,Online,Gaming,Different State,Debit,15,14,No,1
57337,Online,Shopping,Different State,Credit,1,30,No,1
78412,POS,Shopping,Different State,Credit,17,11,No,0
99308,ATM,Food,Same City,Debit,9,4,No,0
22333,POS,Shopping,Same City,Debit,23,1,No,0
130138,Online,Electronics,Different State,Credit,11,16,No,1
118967,Online,Food,International,Debit,13,26,Yes,1
10588,Online,Food,Different State,Debit,11,20,No,0
105885,ATM,Electronics,International,Debit,9,18,Yes,1
82691,POS,Gaming,Same City,Credit,6,18,No,1
149714,POS,Electronics,Different State,Debit,19,25,No,1
157056,International,Travel,Same City,Debit,10,26,Yes,1
74049,POS,Fuel,Same City,Debit,13,9,No,0
34647,POS,Jewellery,Same City,Credit,4,3,No,0
143768,POS,Jewellery,Same City,Debit,21,27,No,1
86488,POS,Travel,Same City,Credit,0,22,No,1
179683,POS,Electronics,International,Debit,4,29,Yes,1
155178,International,Electronics,Same City,Credit,5,26,Yes,1
167079,Online,Food,Same City,Credit,15,2,No,0
131483,POS,Fuel,Same City,Credit,20,17,No,0
15254,Online,Travel,Different State,Credit,16,1,No,0
20294,International,Shopping,Different City,Credit,11,12,Yes,0
196077,International,Gaming,International,Debit,12,0,Yes,1
85183,POS,Electronics,Different City,Credit,12,6,No,0
142071,Online,Shopping,Different City,Debit,4,6,No,1
31381,Online,Travel,Different City,Credit,2,12,No,0
2042,Online,Food,Different State,Debit,21,16,No,0
72919,Online,Gaming,Same City,Credit,10,24,No,1
129476,Online,Jewellery,Same City,Credit,8,0,No,0
101396,POS,Food,Different State,Credit,16,27,No,1
179221,Online,Shopping,Same City,Credit,3,4,No,1
67389,ATM,Food,Different City,Credit,15,29,No,1
37775,ATM,Fuel,Same City,Credit,17,13,No,1
61279,ATM,Fuel,Different State,Debit,14,0,No,0
107109,Online,Fuel,Same City,Debit,4,29,No,1
168655,Online,Shopping,Different State,Credit,1,17,No,1
140261,Online,Jewellery,Different State,Credit,2,6,No,1
151720,Online,Electronics,Different City,Debit,15,19,No,0
151057,ATM,Shopping,Same City,Debit,17,8,No,0
95147,Online,Food,Same City,Credit,1,14,No,1
197628,ATM,Electronics,Same City,Debit,0,18,No,1
167929,POS,Shopping,Same City,Credit,10,18,No,0
199661,POS,Shopping,International,Credit,22,19,Yes,1
38671,POS,Fuel,Same City,Credit,2,11,No,1
157508,International,Shopping,Same City,Debit,0,14,Yes,1
81935,Online,Shopping,Different City,Credit,14,15,No,0
114600,POS,Gaming,International,Credit,9,2,Yes,1
111605,POS,Jewellery,Different City,Debit,6,0,No,1
197917,POS,Fuel,Same City,Debit,12,22,No,1
72570,Online,Food,Same City,Debit,5,28,No,1
193255,POS,Electronics,Same City,Debit,8,5,No,0
126077,Online,Travel,Same City,Debit,6,22,No,0
105706,Online,Gaming,Different City,Debit,21,2,No,1
138939,International,Electronics,Same City,Credit,4,9,Yes,1
100103,ATM,Fuel,Different City,Credit,17,18,No,0
110307,International,Shopping,Same City,Credit,20,15,Yes,1
163854,POS,Gaming,International,Debit,7,15,Yes,1
150363,Online,Electronics,Different State,Debit,10,26,No,1
187393,POS,Gaming,Same City,Debit,8,25,No,1
117180,POS,Electronics,Same City,Debit,13,15,No,0
53190,POS,Shopping,Different State,Debit,17,19,No,0
118702,POS,Travel,Same City,Credit,10,15,No,0
146330,POS,Food,International,Debit,20,12,Yes,1
144260,Online,Food,Same City,Credit,16,0,No,0
4528,POS,Food,Same City,Credit,21,3,No,0
165669,ATM,Gaming,Different City,Credit,2,17,No,1
143446,Online,Jewellery,Different City,Credit,20,12,No,1
199963,Online,Electronics,Different State,Credit,15,0,No,1
101818,POS,Fuel,Different City,Debit,1,14,No,1
57626,POS,Shopping,Different City,Credit,19,28,No,0
72163,International,Travel,International,Credit,9,19,Yes,1
12216,Online,Food,Same City,Credit,16,19,No,0
136038,ATM,Fuel,International,Credit,11,22,Yes,1
127721,Online,Electronics,Different City,Debit,21,28,No,1
26353,Online,Food,Same City,Debit,10,14,No,0
8681,Online,Gaming,Same City,Debit,21,28,No,0
135517,Online,Fuel,Same City,Credit,16,17,No,0
20114,Online,Food,Same City,Credit,22,3,No,0
59559,International,Electronics,Different State,Credit,17,14,Yes,1
164670,ATM,Fuel,Different State,Debit,23,1,No,1
114895,ATM,Travel,Same City,Credit,4,7,No,1
79412,ATM,Gaming,Same City,Credit,8,13,No,1
150703,ATM,Shopping,Different City,Credit,13,23,No,1
78261,ATM,Shopping,Same City,Credit,10,15,No,0
130807,POS,Shopping,Same City,Credit,15,11,No,0
42086,POS,Electronics,Same City,Credit,3,16,No,1
146785,ATM,Shopping,Same City,Credit,2,10,No,1
184969,POS,Gaming,International,Credit,5,9,Yes,1
193139,Online,Travel,Different City,Credit,7,18,No,0
102090,Online,Travel,Same City,Credit,12,27,No,1
66843,Online,Electronics,Same City,Debit,11,17,No,0
21682,International,Travel,Different City,Debit,19,3,Yes,0
115955,Online,Shopping,Same City,Credit,16,21,No,1
148091,POS,Gaming,International,Debit,3,7,Yes,1
78704,ATM,Gaming,Same City,Debit,22,18,No,1
147543,Online,Travel,Same City,Credit,4,18,No,1
32966,POS,Food,Different City,Credit,6,24,No,0
39831,Online,Fuel,Same City,Debit,0,18,No,1
153491,Online,Fuel,Same City,Debit,13,12,No,0
32373,POS,Food,Same City,Credit,2,0,No,0
82268,POS,Fuel,Same City,Debit,1,4,No,1
33655,Online,Electronics,Same City,Debit,17,1,No,0
54824,POS,Jewellery,Different City,Debit,15,11,No,0
4332,Online,Fuel,Different City,Credit,20,9,No,0
105902,Online,Food,Different City,Credit,11,2,No,0
103765,International,Food,Same City,Debit,12,26,Yes,1
144170,Online,Travel,Same City,Credit,18,18,No,0
93607,POS,Gaming,Different State,Debit,11,18,No,1
167704,Online,Electronics,Same City,Debit,2,9,No,1
7001,Online,Fuel,Different State,Debit,10,0,No,0
194860,ATM,Food,Different City,Debit,8,24,No,1
179235,Online,Travel,Same City,Credit,17,7,No,0
78924,POS,Shopping,Same City,Credit,11,8,No,0
193807,POS,Food,Same City,Credit,6,4,No,0
30104,Online,Electronics,Same City,Credit,18,26,No,0
16753,Online,Electronics,Same City,Credit,9,7,No,0
170659,Online,Shopping,Same City,Debit,11,16,No,0
26289,POS,Travel,International,Credit,6,18,Yes,0
24243,International,Food,Same City,Credit,5,20,Yes,0
3975,POS,Travel,Same City,Credit,19,21,No,0
137595,Online,Food,Same City,Credit,1,13,No,1
170938,ATM,Shopping,Same City,Credit,6,7,No,0
189233,Online,Jewellery,Same City,Debit,0,12,No,0
48514,Online,Shopping,Same City,Debit,20,22,No,0
182388,Online,Food,Different State,Credit,23,3,No,1
40313,Online,Food,Same City,Credit,8,10,No,0
148575,Online,Shopping,Different State,Credit,7,6,No,1
136233,Online,Shopping,Same City,Credit,10,7,No,0
154006,Online,Gaming,Same City,Credit,20,0,No,1
173968,POS,Electronics,Different State,Credit,6,8,No,1
54907,Online,Shopping,Same City,Credit,5,16,No,1
30703,ATM,Shopping,Different City,Credit,13,21,No,0
33193,Online,Shopping,Same City,Debit,9,19,No,0
1404,Online,Gaming,Same City,Credit,5,23,No,0
153019,International,Shopping,Different City,Debit,15,20,Yes,1
63670,Online,Gaming,Different City,Credit,19,15,No,1
93478,Online,Electronics,Same City,Credit,12,30,No,1
87266,POS,Shopping,Same City,Debit,5,11,No,1
167762,POS,Gaming,Same City,Credit,8,15,No,1
96955,Online,Food,Different City,Credit,9,28,No,1
71087,International,Food,Different City,Debit,10,6,Yes,1
183271,POS,Jewellery,Same City,Debit,18,17,No,1
196167,Online,Food,Different State,Debit,12,15,No,1
39614,Online,Food,Same City,Debit,20,22,No,0
51615,POS,Travel,Same City,Credit,21,9,No,0
86220,POS,Food,Different City,Credit,3,12,No,1
38665,Online,Travel,Different City,Debit,17,25,No,0
108963,Online,Fuel,Different City,Credit,3,12,No,1
135174,POS,Electronics,Same City,Credit,15,25,No,1
34388,Online,Travel,Same City,Debit,0,30,No,0
140689,POS,Fuel,International,Debit,0,17,Yes,1
101444,POS,Gaming,Same City,Debit,9,12,No,1
155329,ATM,Electronics,Same City,Credit,20,8,No,0
196358,POS,Fuel,Same City,Debit,9,11,No,0
53869,International,Shopping,Same City,Credit,18,27,Yes,1
165410,ATM,Shopping,Same City,Credit,16,27,No,1
175151,Online,Gaming,Different City,Credit,9,18,No,1
162739,Online,Jewellery,Same City,Debit,17,7,No,1
57948,POS,Shopping,International,Credit,11,25,Yes,1
7319,Online,Electronics,Same City,Debit,23,18,No,1
197848,Online,Shopping,Same City,Credit,15,29,No,1
126461,POS,Shopping,Different City,Credit,3,9,No,0
147779,POS,Electronics,Same City,Credit,2,27,No,1
157516,Online,Shopping,Same City,Credit,3,12,No,0
74267,POS,Electronics,Different City,Credit,0,1,No,1
172107,ATM,Shopping,Different State,Credit,17,26,No,1
109412,International,Food,Same City,Credit,2,28,Yes,1
10469,Online,Shopping,International,Debit,8,16,Yes,0
86378,Online,Food,Same City,Credit,10,6,No,0
16191,POS,Travel,Different City,Credit,18,3,No,0
142587,Online,Shopping,Different State,Credit,22,28,No,1
129995,Online,Fuel,Different State,Credit,21,9,No,1
4352,International,Food,Same City,Debit,5,29,Yes,0
171857,Online,Shopping,Same City,Credit,20,9,No,0
127129,International,Shopping,International,Credit,13,15,Yes,1
96700,POS,Food,Same City,Debit,7,17,No,0
20990,Online,Gaming,Same City,Debit,21,12,No,0
151513,International,Shopping,Different City,Credit,9,28,Yes,0
186218,Online,Jewellery,Same City,Credit,19,21,No,1
173610,Online,Shopping,Same City,Debit,10,5,No,0
46106,ATM,Travel,Same City,Credit,4,20,No,1
127648,POS,Shopping,Different City,Credit,19,22,No,1
136571,POS,Fuel,Same City,Debit,16,18,No,0
156831,Online,Shopping,Same City,Credit,20,22,No,1
113526,POS,Jewellery,Different State,Credit,11,24,No,1
38279,ATM,Shopping,Different City,Credit,4,12,No,1
199439,POS,Food,Same City,Credit,0,15,No,0
11328,Online,Fuel,Different City,Credit,7,0,No,0
99209,POS,Jewellery,Same City,Credit,1,25,No,1
116774,ATM,Shopping,Same City,Debit,13,13,No,0
15565,POS,Jewellery,Different State,Credit,4,17,No,0
123756,Online,Shopping,Different City,Credit,21,5,No,0
37540,POS,Shopping,Different City,Credit,17,8,No,0
40875,POS,Food,Different City,Credit,1,0,No,1
10327,POS,Travel,Same City,Debit,7,11,No,0
26780,POS,Jewellery,Same City,Credit,10,6,No,0
116228,International,Shopping,Different City,Credit,0,25,Yes,1
75929,Online,Electronics,Different City,Debit,17,1,No,0
121829,POS,Shopping,International,Credit,2,0,Yes,1
26924,POS,Fuel,Different City,Credit,9,2,No,0
199081,Online,Electronics,Different City,Credit,20,8,No,0
145765,Online,Travel,Different City,Debit,17,1,No,0
168280,POS,Travel,Different City,Credit,7,24,No,1
146702,POS,Jewellery,Different City,Credit,17,18,No,1
175116,Online,Shopping,Different City,Debit,22,14,No,0
62896,ATM,Food,Different City,Credit,10,17,No,0
90403,International,Electronics,Different City,Credit,0,17,Yes,1
49008,POS,Electronics,Different State,Debit,13,18,No,0
180840,Online,Fuel,Same City,Debit,13,0,No,0
190911,Online,Food,Same City,Credit,8,11,No,0
11432,Online,Food,Same City,Credit,7,13,No,0
18217,Online,Fuel,Same City,Credit,20,0,No,0
51074,POS,Food,Different City,Debit,12,9,No,0
120642,ATM,Travel,Different State,Credit,0,17,No,1
48383,Online,Shopping,Same City,Credit,16,0,No,0
71902,Online,Electronics,Same City,Debit,10,7,No,0
104517,POS,Food,Same City,Credit,18,29,No,0
45743,ATM,Travel,Same City,Credit,5,11,No,1
62794,International,Shopping,Different City,Debit,10,21,Yes,1
94166,Online,Shopping,Same City,Debit,4,16,No,1
12182,Online,Fuel,Same City,Credit,5,28,No,0
161904,POS,Food,Same City,Credit,5,19,No,1
34446,Online,Shopping,Same City,Debit,5,28,No,0
179536,Online,Shopping,Same City,Debit,15,27,No,1
1398,Online,Jewellery,Different State,Debit,6,3,No,0
153813,Online,Shopping,Same City,Debit,11,0,No,0
11918,Online,Electronics,Same City,Credit,20,7,No,0
162365,Online,Gaming,Same City,Credit,1,20,No,0
185890,POS,Food,Same City,Credit,10,12,No,0
177575,Online,Travel,Same City,Credit,19,9,No,1
117932,POS,Gaming,Different State,Credit,9,25,No,1
190667,ATM,Shopping,Different City,Credit,12,20,No,0
122121,International,Travel,Same City,Credit,9,14,Yes,1
64341,Online,Electronics,Same City,Credit,11,6,No,0
183417,International,Fuel,Different City,Debit,13,13,Yes,1
89224,Online,Shopping,Same City,Debit,13,2,No,0
150963,Online,Shopping,Different City,Credit,17,1,No,0
19545,ATM,Gaming,Same City,Credit,21,3,No,0
164218,POS,Jewellery,Same City,Debit,15,20,No,1
87996,Online,Shopping,Different City,Credit,11,18,No,0
36291,Online,Gaming,Different City,Debit,11,13,No,0
130642,Online,Food,Same City,Credit,0,1,No,0
195779,Online,Fuel,Different State,Credit,17,18,No,1
39029,ATM,Electronics,Same City,Credit,13,11,No,0
164298,POS,Food,Different City,Credit,15,24,No,1
187167,Online,Travel,Different City,Debit,15,13,No,0
18863,ATM,Food,Same City,Credit,1,3,No,0
72134,POS,Shopping,Same City,Credit,22,13,No,0
48331,Online,Fuel,Different State,Debit,11,2,No,0
127987,Online,Food,International,Credit,7,15,Yes,1
95895,POS,Food,Different City,Debit,13,8,No,0
134136,Online,Food,Same City,Debit,18,9,No,0
31639,Online,Food,Same City,Credit,13,18,No,0
148862,Online,Food,International,Debit,4,26,Yes,1
110646,ATM,Electronics,Different State,Debit,5,19,No,1
194006,Online,Shopping,Same City,Debit,8,21,No,1
36402,Online,Gaming,Same City,Debit,21,11,No,0
48870,Online,Shopping,Different State,Credit,22,29,No,0
175246,POS,Shopping,Different State,Debit,23,18,No,1
35998,Online,Fuel,Same City,Debit,14,0,No,0
170422,POS,Shopping,Same City,Credit,4,24,No,1
116677,POS,Fuel,Different City,Debit,22,22,No,1
16885,POS,Food,Same City,Debit,0,12,No,0
165287,Online,Shopping,Different State,Debit,16,13,No,1
29676,Online,Shopping,Different State,Credit,1,28,No,0
177280,POS,Travel,Same City,Credit,8,24,No,1
142480,Online,Jewellery,Same City,Debit,21,18,No,1
133664,Online,Jewellery,Same City,Credit,23,23,No,1
182896,Online,Shopping,Same City,Debit,19,29,No,1
114097,ATM,Gaming,Same City,Debit,13,8,No,1
13731,Online,Shopping,Same City,Credit,2,29,No,0
56500,Online,Fuel,International,Debit,2,3,Yes,1
76586,Online,Travel,Different State,Credit,22,28,No,1
15832,POS,Shopping,International,Debit,18,20,Yes,0
192853,Online,Food,Same City,Credit,8,7,No,0
106443,Online,Travel,Same City,Credit,10,6,No,0
171681,Online,Travel,Same City,Credit,10,11,No,0
51764,Online,Gaming,Same City,Credit,10,12,No,0
28933,POS,Fuel,Same City,Credit,19,1,No,0
121365,ATM,Gaming,Same City,Debit,22,17,No,1
53631,POS,Shopping,Same City,Credit,12,13,No,0
135722,International,Shopping,Different City,Credit,12,14,Yes,1
192996,POS,Shopping,Same City,Credit,15,27,No,0
84208,ATM,Food,International,Credit,6,8,Yes,1
141426,Online,Food,Same City,Debit,17,11,No,0
62861,International,Gaming,Different City,Debit,5,9,Yes,1
105004,POS,Shopping,Different State,Debit,10,17,No,0
178703,Online,Fuel,International,Credit,15,19,Yes,1
1227,ATM,Electronics,Same City,Debit,10,6,No,0
121217,Online,Electronics,Same City,Credit,20,7,No,0
18353,POS,Fuel,Different City,Credit,4,27,No,0
78697,Online,Jewellery,Same City,Credit,6,30,No,1
140391,International,Jewellery,Same City,Debit,0,20,Yes,1
58757,POS,Electronics,Same City,Credit,15,15,No,0
195894,International,Shopping,Different State,Credit,4,10,Yes,1
192117,POS,Travel,Same City,Credit,19,1,No,1
21843,Online,Shopping,Same City,Debit,4,6,No,0
76191,POS,Fuel,International,Credit,21,15,Yes,1
181435,POS,Jewellery,Same City,Debit,22,28,No,1
31638,POS,Gaming,Same City,Credit,22,19,No,0
104632,Online,Travel,Same City,Debit,23,21,No,1
61580,Online,Electronics,Same City,Debit,11,4,No,0
73906,International,Jewellery,Same City,Debit,6,24,Yes,1
52605,International,Shopping,Different State,Credit,8,7,Yes,1
184497,Online,Shopping,Different City,Credit,7,13,No,0
29989,Online,Electronics,Different City,Credit,10,1,No,0
25313,Online,Food,Different State,Credit,0,0,No,0
35371,Online,Travel,Different City,Debit,14,29,No,0
119562,ATM,Fuel,Same City,Credit,16,16,No,0
93988,POS,Shopping,Same City,Credit,12,15,No,0
66199,Online,Jewellery,Different City,Debit,20,12,No,1
178037,ATM,Fuel,Same City,Credit,15,22,No,1
172433,Online,Food,Different State,Credit,12,17,No,1
155353,International,Jewellery,Same City,Credit,0,1,Yes,1
180771,ATM,Electronics,Same City,Credit,21,1,No,0
174829,POS,Electronics,Same City,Credit,17,24,No,1
54749,ATM,Travel,Same City,Debit,6,23,No,0
169173,POS,Shopping,Same City,Debit,20,29,No,1
156933,POS,Fuel,Same City,Credit,1,1,No,1
154590,Online,Fuel,Different City,Credit,14,16,No,0
1031,ATM,Food,Different State,Debit,5,16,No,0
60561,Online,Jewellery,Same City,Credit,19,24,No,1
179129,Online,Electronics,Same City,Credit,7,20,No,0
111431,Online,Electronics,Same City,Credit,20,0,No,0
21686,Online,Shopping,Different City,Credit,11,27,No,0
199600,POS,Electronics,Different State,Debit,14,27,No,0
91190,International,Shopping,International,Debit,2,1,Yes,1
178588,POS,Shopping,Different State,Credit,19,13,No,1
53263,POS,Gaming,Same City,Credit,17,18,No,0
195920,Online,Gaming,Different City,Credit,13,23,No,1
169874,Online,Electronics,Same City,Credit,15,22,No,1
133554,POS,Food,Different State,Debit,17,25,No,1
107360,International,Food,Same City,Debit,11,0,Yes,1
171736,Online,Electronics,Different City,Credit,12,5,No,0
48354,Online,Food,Same City,Debit,0,18,No,1
51143,Online,Food,International,Debit,10,5,Yes,1
168088,POS,Fuel,Same City,Debit,14,9,No,0
63496,ATM,Travel,Same City,Credit,19,15,No,0
40022,Online,Jewellery,Different State,Credit,0,17,No,1
146125,Online,Electronics,Same City,Credit,2,29,No,1
76359,Online,Food,Different State,Debit,10,15,No,0
49506,POS,Jewellery,Same City,Debit,11,27,No,0
24430,POS,Food,Different City,Debit,9,16,No,0
14801,ATM,Food,Same City,Debit,5,8,No,0
184650,POS,Travel,Same City,Debit,15,11,No,0
13152,POS,Gaming,Different State,Credit,0,3,No,0
39402,Online,Shopping,Different City,Credit,20,1,No,0
44904,POS,Jewellery,Same City,Debit,11,4,No,0
42580,Online,Shopping,Different City,Debit,20,17,No,1
44179,ATM,Shopping,International,Debit,0,30,Yes,1
68697,ATM,Fuel,Different City,Credit,8,22,No,1
118387,Online,Travel,Different State,Debit,0,22,No,1
129813,ATM,Electronics,Different State,Debit,9,12,No,1
156747,Online,Food,Different State,Credit,1,23,No,1
129323,ATM,Food,Same City,Debit,7,8,No,0
17292,Online,Gaming,Different State,Debit,21,26,No,0
134871,Online,Electronics,Same City,Credit,9,17,No,0
60036,POS,Jewellery,Different City,Debit,20,5,No,1
129736,Online,Jewellery,Different State,Credit,7,4,No,0
173900,ATM,Travel,Same City,Credit,16,28,No,1
63985,Online,Fuel,Same City,Debit,17,6,No,0
170186,Online,Shopping,International,Credit,19,22,Yes,1
140496,Online,Shopping,Different City,Credit,1,11,No,1
8457,POS,Travel,Same City,Credit,0,1,No,0
73595,Online,Jewellery,Different City,Credit,1,22,No,1
59679,International,Travel,Same City,Debit,10,8,Yes,1
90633,POS,Jewellery,Same City,Credit,0,2,No,1
87939,POS,Food,Same City,Debit,22,22,No,1
78716,International,Shopping,Same City,Credit,9,6,Yes,1
17068,Online,Travel,Same City,Debit,21,21,No,0
58767,ATM,Gaming,Different State,Credit,2,25,No,1
26463,Online,Shopping,Same City,Credit,5,12,No,0
120874,ATM,Shopping,Same City,Debit,5,25,No,1
29200,POS,Travel,Same City,Credit,17,22,No,0
91473,Online,Jewellery,Same City,Debit,1,25,No,1
164152,Online,Shopping,Same City,Credit,9,11,No,0
82063,ATM,Shopping,Same City,Credit,13,4,No,0
142658,ATM,Food,Same City,Credit,12,3,No,0
36904,ATM,Gaming,Different State,Credit,13,23,No,0
195964,Online,Food,Different State,Credit,13,0,No,1
137914,Online,Jewellery,Different City,Credit,0,18,No,1
15621,Online,Shopping,Different City,Credit,0,25,No,0
162227,POS,Jewellery,Same City,Credit,1,9,No,1
186819,Online,Gaming,Different City,Credit,4,29,No,1
189780,Online,Shopping,Different State,Debit,6,8,No,1
139302,International,Travel,Same City,Credit,2,21,Yes,1
40012,Online,Food,Different State,Credit,11,1,No,0
38046,POS,Electronics,Same City,Credit,4,15,No,1
97377,Online,Travel,Different City,Credit,22,10,No,0
6465,POS,Gaming,Same City,Credit,22,6,No,0
65303,Online,Gaming,Same City,Debit,1,21,No,1
41199,POS,Gaming,Same City,Debit,3,10,No,0
38655,POS,Shopping,Different City,Credit,4,12,No,1
89158,ATM,Fuel,Same City,Credit,3,26,No,1
179749,POS,Electronics,Different City,Credit,19,4,No,0
155735,POS,Food,Different State,Debit,14,6,No,1
114171,ATM,Shopping,Same City,Credit,16,21,No,1
356,Online,Food,Different State,Debit,23,2,No,0
51610,Online,Food,Same City,Debit,5,0,No,1
169497,Online,Fuel,Same City,Credit,19,1,No,0
195338,International,Gaming,Different State,Credit,10,16,Yes,1
199652,Online,Shopping,Different State,Credit,19,24,No,1
54027,Online,Electronics,Same City,Credit,20,2,No,0
189787,Online,Electronics,Same City,Credit,2,28,No,1
144137,POS,Food,Same City,Debit,10,3,No,0
73714,Online,Shopping,Same City,Credit,3,7,No,1
143467,Online,Electronics,Same City,Debit,23,6,No,0
20231,ATM,Electronics,Same City,Debit,20,13,No,0
2469,Online,Travel,Different City,Credit,22,15,No,0
193635,Online,Shopping,Different City,Credit,9,20,No,0
126490,Online,Shopping,Same City,Credit,22,22,No,1
13300,International,Fuel,Same City,Credit,8,17,Yes,0
7331,ATM,Electronics,Different State,Credit,5,6,No,0
138796,Online,Electronics,Different State,Credit,2,19,No,1
168549,Online,Food,Same City,Debit,4,19,No,1
88817,Online,Shopping,Same City,Credit,2,7,No,1
192608,POS,Shopping,Different City,Credit,13,24,No,1
111683,Online,Food,Same City,Debit,12,29,No,1
142680,Online,Shopping,Same City,Credit,3,6,No,1
137660,POS,Food,International,Credit,4,6,Yes,1
188158,ATM,Food,Same City,Credit,9,25,No,1
100045,Online,Food,Different City,Credit,21,3,No,0
119920,Online,Shopping,Same City,Debit,3,11,No,1
134149,Online,Gaming,International,Debit,6,28,Yes,1
68763,POS,Fuel,Same City,Credit,18,12,No,0
126725,International,Shopping,Different City,Debit,7,0,Yes,0
141994,Online,Electronics,International,Credit,23,7,Yes,1
20745,ATM,Gaming,Same City,Debit,22,30,No,0
173461,POS,Travel,Same City,Credit,7,8,No,0
69364,Online,Electronics,Different City,Credit,2,17,No,1
33728,POS,Food,Same City,Credit,2,17,No,0
182689,POS,Jewellery,Same City,Credit,15,10,No,1
137940,POS,Electronics,Different City,Debit,18,15,No,0
152572,POS,Gaming,Same City,Credit,4,3,No,1
29035,Online,Fuel,Different State,Debit,11,16,No,0
145037,POS,Gaming,International,Debit,0,13,Yes,1
55480,POS,Electronics,International,Debit,13,27,Yes,1
107037,Online,Shopping,Different City,Debit,11,26,No,1
46763,POS,Electronics,Same City,Credit,19,13,No,0
147045,POS,Shopping,Different State,Credit,22,22,No,1
152343,ATM,Shopping,Same City,Debit,22,1,No,0
54411,POS,Shopping,Same City,Debit,11,6,No,0
182449,Online,Food,Different State,Debit,13,29,No,1
63559,Online,Gaming,Same City,Credit,1,24,No,1
81488,POS,Fuel,Same City,Debit,19,11,No,0
97505,POS,Food,Same City,Debit,7,21,No,1
153715,POS,Fuel,Same City,Debit,23,6,No,0
40503,Online,Food,International,Credit,14,25,Yes,0
157438,POS,Shopping,Different City,Debit,20,23,No,1
66700,ATM,Fuel,Different State,Debit,3,26,No,1
47861,POS,Food,Same City,Debit,12,7,No,0
68551,Online,Shopping,Same City,Debit,8,10,No,0
82400,Online,Electronics,Different City,Credit,15,19,No,0
173502,POS,Electronics,Different City,Debit,13,22,No,1
95091,ATM,Gaming,Same City,Debit,23,1,No,1
196513,POS,Fuel,Different City,Credit,20,24,No,1
86246,POS,Electronics,Same City,Credit,2,2,No,1
56668,International,Travel,International,Credit,15,22,Yes,1
125620,POS,Electronics,International,Debit,5,9,Yes,1
45097,POS,Electronics,International,Credit,19,16,Yes,0
189327,Online,Fuel,Same City,Debit,5,23,No,1
82064,Online,Shopping,Different State,Credit,9,9,No,0
77833,ATM,Travel,Different State,Credit,21,0,No,0
73372,Online,Fuel,Same City,Debit,9,14,No,0
184007,ATM,Shopping,Different City,Credit,21,2,No,0
109290,International,Shopping,Different State,Credit,9,15,Yes,1
162890,POS,Electronics,Different State,Credit,10,9,No,1
35288,Online,Food,Same City,Debit,1,16,No,1
47045,Online,Shopping,Different State,Debit,0,20,No,1
100587,Online,Food,Different City,Credit,5,1,No,1
45844,Online,Food,Same City,Credit,13,19,No,0
44108,POS,Shopping,Same City,Credit,8,2,No,0
163969,ATM,Electronics,Same City,Debit,19,25,No,1
80196,Online,Gaming,Different State,Credit,12,13,No,1
134419,POS,Food,Same City,Debit,21,16,No,0
60412,International,Food,Same City,Credit,23,16,Yes,1
160609,Online,Shopping,Same City,Debit,9,5,No,0
190798,POS,Food,Different City,Credit,10,10,No,1
70613,Online,Fuel,Same City,Debit,5,24,No,1
166194,International,Travel,Different City,Credit,8,28,Yes,1
125825,ATM,Fuel,Same City,Credit,19,27,No,1
74386,Online,Food,Same City,Debit,12,10,No,1
120137,Online,Travel,Same City,Credit,18,25,No,1
71919,Online,Travel,Same City,Debit,9,23,No,1
169197,Online,Food,International,Credit,18,17,Yes,1
67789,POS,Food,Same City,Debit,20,0,No,0
113668,POS,Shopping,Same City,Credit,2,2,No,0
198993,Online,Travel,Different State,Debit,14,3,No,1
126043,ATM,Food,Different City,Credit,10,2,No,0
132530,Online,Shopping,Same City,Credit,9,8,No,0
189683,POS,Shopping,Different City,Debit,11,19,No,0
114116,POS,Food,Different State,Debit,8,10,No,1
4461,POS,Electronics,Same City,Debit,7,15,No,0
12043,Online,Electronics,Different State,Debit,17,13,No,0
184389,POS,Shopping,Same City,Credit,9,30,No,0
34192,Online,Jewellery,Different City,Credit,10,27,No,0
128682,Online,Shopping,Same City,Debit,16,25,No,1
107912,ATM,Shopping,Different City,Credit,23,13,No,0
13671,POS,Shopping,Same City,Credit,23,26,No,0
20931,ATM,Shopping,Same City,Credit,10,2,No,0
160110,POS,Shopping,Same City,Debit,11,4,No,0
185727,POS,Food,Same City,Credit,6,12,No,0
38551,Online,Shopping,Same City,Credit,21,9,No,0
156110,Online,Travel,Different City,Debit,22,7,No,0
140928,Online,Jewellery,Same City,Credit,21,13,No,1
187287,ATM,Fuel,Same City,Credit,3,28,No,1
73484,ATM,Travel,Different State,Credit,13,28,No,1
64326,International,Food,Same City,Credit,19,28,Yes,1
158816,POS,Travel,Different State,Debit,11,19,No,1
75297,POS,Jewellery,Different State,Debit,4,18,No,1
49975,Online,Travel,Same City,Debit,0,30,No,1
63021,POS,Travel,Different City,Credit,8,27,No,1
125933,Online,Food,Same City,Credit,6,9,No,0
83223,ATM,Electronics,Different City,Credit,19,18,No,0
8572,POS,Shopping,Different State,Debit,13,11,No,0
190409,POS,Shopping,Same City,Credit,7,16,No,0
87533,POS,Food,Same City,Debit,6,27,No,1
108003,Online,Shopping,Different City,Debit,0,27,No,1
68317,POS,Fuel,Different City,Credit,1,23,No,1
80752,POS,Electronics,Same City,Credit,2,19,No,1
156823,POS,Gaming,Same City,Credit,2,2,No,1
179104,ATM,Travel,Different City,Credit,8,12,No,0
81878,POS,Travel,Same City,Credit,20,24,No,1
134087,POS,Shopping,Different City,Debit,13,12,No,0
100605,POS,Shopping,Different City,Debit,22,4,No,0
90039,International,Gaming,Same City,Debit,2,8,Yes,1
183963,Online,Shopping,Different City,Credit,5,15,No,1
75013,ATM,Food,Different State,Debit,19,17,No,0
40880,Online,Shopping,Same City,Debit,17,12,No,0
80926,POS,Travel,Same City,Credit,2,8,No,1
194256,POS,Shopping,Same City,Debit,4,0,No,1
158882,Online,Shopping,International,Debit,21,5,Yes,1
59326,ATM,Travel,Same City,Credit,2,17,No,1
178871,POS,Fuel,Same City,Debit,15,15,No,0
53521,Online,Shopping,Same City,Credit,6,0,No,0
134872,Online,Food,International,Credit,10,17,Yes,1
91656,Online,Gaming,Same City,Credit,20,5,No,1
128277,POS,Food,Different State,Debit,1,25,No,1
79683,POS,Electronics,International,Debit,17,12,Yes,1
136107,ATM,Jewellery,Same City,Credit,19,5,No,1
53979,International,Shopping,Same City,Credit,18,2,Yes,1
187920,ATM,Electronics,International,Debit,2,26,Yes,1
101072,Online,Shopping,Different City,Debit,9,29,No,1
180753,POS,Food,Same City,Debit,1,26,No,1
26735,Online,Travel,Same City,Debit,9,2,No,0
77621,POS,Shopping,Same City,Credit,20,11,No,0
14248,International,Food,Same City,Credit,9,9,Yes,1
115692,POS,Electronics,Same City,Credit,23,13,No,0
144024,Online,Electronics,Same City,Credit,22,13,No,0
80165,Online,Fuel,Same City,Credit,5,19,No,1
37156,Online,Gaming,Different State,Credit,4,1,No,1
179520,Online,Gaming,Different City,Credit,13,3,No,1
196239,Online,Gaming,Different City,Credit,1,28,No,1
184208,POS,Gaming,Same City,Credit,23,3,No,1
37165,Online,Travel,Same City,Debit,20,25,No,0
167357,Online,Gaming,Same City,Debit,12,30,No,1
138794,Online,Food,Different City,Debit,2,23,No,0
90608,POS,Shopping,Different State,Debit,20,11,No,1
199346,Online,Gaming,Same City,Credit,4,0,No,0
169284,POS,Fuel,Same City,Credit,15,23,No,1
50267,POS,Jewellery,Same City,Credit,9,10,No,0
188114,ATM,Food,International,Debit,20,0,Yes,1
38745,International,Jewellery,Same City,Debit,1,9,Yes,1
45582,ATM,Fuel,Same City,Credit,11,27,No,0
125170,Online,Jewellery,Same City,Debit,10,1,No,1
6206,Online,Shopping,Same City,Debit,16,10,No,0
180405,Online,Shopping,Different State,Credit,11,13,No,1
57917,POS,Travel,Same City,Credit,23,28,No,0
111660,POS,Fuel,Different City,Debit,2,6,No,1
13853,Online,Shopping,International,Debit,0,28,Yes,0
25708,ATM,Fuel,Different City,Credit,8,15,No,0
72738,POS,Food,Different State,Debit,19,0,No,0
4471,Online,Shopping,Different City,Credit,16,18,No,0
84681,POS,Travel,International,Credit,9,2,Yes,1
197621,Online,Travel,Different City,Credit,11,7,No,0
33692,POS,Gaming,Different State,Debit,13,15,No,0
14857,ATM,Food,Same City,Debit,12,15,No,1
146007,Online,Travel,Same City,Debit,16,23,No,1
87060,Online,Gaming,Different City,Credit,21,30,No,1
174045,Online,Fuel,Same City,Credit,17,28,No,0
29141,POS,Shopping,Same City,Credit,16,16,No,0
140393,POS,Electronics,Different State,Credit,13,20,No,1
4942,POS,Food,Same City,Credit,15,8,No,0
150710,Online,Gaming,Same City,Credit,11,20,No,1
125293,Online,Food,Different State,Credit,20,5,No,1
183606,POS,Food,Different City,Debit,2,30,No,1
185109,POS,Jewellery,Same City,Debit,5,13,No,1
199490,Online,Electronics,Same City,Debit,15,13,No,0
58825,Online,Food,Different State,Credit,11,24,No,0
81543,ATM,Gaming,Same City,Credit,7,29,No,1
13160,POS,Shopping,Different City,Debit,1,26,No,0
50345,ATM,Shopping,Different City,Credit,20,20,No,0
73705,Online,Travel,Different City,Debit,6,9,No,0
157439,Online,Food,Different City,Credit,16,24,No,1
171779,POS,Jewellery,Different State,Debit,1,8,No,0
53572,Online,Food,Same City,Debit,10,27,No,0
196118,Online,Electronics,Same City,Credit,23,15,No,0
90780,Online,Food,Different State,Credit,18,4,No,1
10822,POS,Food,Different State,Debit,12,20,No,0
130063,Online,Gaming,Different City,Credit,22,27,No,1
163691,POS,Shopping,Different City,Debit,11,13,No,0
164343,International,Shopping,Same City,Debit,5,2,Yes,1
93794,International,Electronics,Different State,Debit,21,6,Yes,1
5240,POS,Travel,Different State,Credit,2,29,No,0
47913,Online,Shopping,Different City,Credit,20,16,No,0
196285,Online,Food,Different City,Debit,15,26,No,1
174767,ATM,Travel,Different City,Credit,16,2,No,0
98310,Online,Shopping,Different City,Credit,3,25,No,1
43409,Online,Electronics,Same City,Credit,17,5,No,0
176513,ATM,Travel,Different City,Debit,15,8,No,0
113968,Online,Electronics,Different City,Credit,0,11,No,1
190228,POS,Gaming,Different City,Debit,9,7,No,1
113322,POS,Gaming,Same City,Debit,18,5,No,1
190396,Online,Gaming,Different City,Debit,1,15,No,1
182010,Online,Fuel,Same City,Credit,14,14,No,0
13457,POS,Shopping,International,Debit,14,14,Yes,0
75528,POS,Food,Different City,Debit,21,8,No,0
126913,Online,Food,Same City,Debit,10,12,No,0
58623,Online,Gaming,Different City,Credit,3,12,No,1
170153,Online,Shopping,Different City,Credit,4,17,No,1
97848,Online,Shopping,Different State,Debit,11,15,No,1
79113,ATM,Food,Same City,Debit,12,1,No,0
139273,ATM,Food,Different City,Debit,13,5,No,0
194522,POS,Electronics,Different City,Credit,9,0,No,0
66061,Online,Gaming,International,Debit,3,8,Yes,1
129258,POS,Travel,Different State,Debit,7,9,No,1
91666,POS,Gaming,International,Credit,6,15,Yes,1
97843,POS,Food,Same City,Credit,19,26,No,1
5158,Online,Food,Different City,Debit,1,24,No,0
196630,Online,Food,Different City,Debit,18,1,No,0
113471,POS,Shopping,Same City,Credit,3,12,No,1
41019,Online,Electronics,Different City,Debit,21,17,No,0
153553,Online,Food,Same City,Debit,13,15,No,0
96572,ATM,Electronics,Different City,Credit,1,15,No,1
33677,Online,Travel,Same City,Credit,6,7,No,0
28010,ATM,Gaming,Same City,Credit,19,14,No,0
81335,Online,Gaming,International,Credit,12,27,Yes,1
59086,Online,Electronics,Different City,Credit,2,30,No,1
136456,International,Shopping,Different City,Debit,21,0,Yes,1
119710,POS,Shopping,Same City,Debit,11,17,No,0
102292,ATM,Travel,International,Credit,21,13,Yes,1
191323,POS,Gaming,Same City,Debit,2,4,No,1
137224,Online,Jewellery,Same City,Debit,21,4,No,1
43680,Online,Gaming,Same City,Debit,12,2,No,0
153606,POS,Gaming,Different City,Debit,10,25,No,1
80351,Online,Electronics,Same City,Debit,20,20,No,0
97696,POS,Shopping,Different City,Credit,9,29,No,1
136617,Online,Electronics,Same City,Debit,22,10,No,0
100251,International,Shopping,International,Debit,4,1,Yes,1
169987,POS,Shopping,Different City,Credit,23,13,No,0
26240,POS,Fuel,Different State,Debit,8,12,No,0
43566,Online,Shopping,Different City,Credit,7,10,No,0
15740,ATM,Shopping,Same City,Credit,12,0,No,0
133310,POS,Electronics,International,Credit,15,1,Yes,1
2870,International,Gaming,Same City,Credit,17,7,Yes,0
98985,Online,Gaming,Same City,Credit,15,22,No,1
166956,Online,Jewellery,Same City,Credit,17,16,No,1
103581,POS,Gaming,Same City,Credit,18,7,No,0
176073,Online,Fuel,Different City,Debit,8,19,No,0
78352,Online,Gaming,Same City,Credit,21,24,No,1
178811,Online,Electronics,Same City,Debit,1,30,No,1
186131,ATM,Gaming,Same City,Credit,21,3,No,1
156385,POS,Shopping,Different City,Debit,11,17,No,0
49338,Online,Travel,Different City,Credit,0,14,No,1
30997,International,Jewellery,Same City,Credit,12,23,Yes,0
89472,International,Food,Same City,Credit,13,18,Yes,1
198472,Online,Electronics,Same City,Debit,16,0,No,0
158299,Online,Electronics,Same City,Credit,16,26,No,1
178998,ATM,Gaming,Same City,Credit,7,28,No,1
22240,POS,Food,Same City,Credit,22,22,No,0
6915,ATM,Electronics,Same City,Debit,2,4,No,0
64205,Online,Gaming,Same City,Debit,18,22,No,1
151668,Online,Shopping,Different State,Debit,14,3,No,1
129322,Online,Travel,Same City,Credit,13,16,No,0
15037,ATM,Food,Same City,Debit,22,12,No,1
24537,International,Food,Different State,Debit,20,17,Yes,0
54844,Online,Food,Same City,Debit,14,24,No,0
120032,POS,Gaming,Different State,Credit,8,7,No,1
172080,ATM,Jewellery,Different State,Credit,20,21,No,1
21079,POS,Travel,Same City,Credit,5,8,No,0
110252,POS,Electronics,Same City,Debit,15,28,No,1
89303,Online,Shopping,Same City,Debit,1,18,No,1
115125,POS,Shopping,Same City,Credit,11,12,No,1
89466,ATM,Shopping,Same City,Credit,18,28,No,1
152070,POS,Food,Same City,Debit,3,3,No,1
151129,POS,Food,Same City,Credit,23,11,No,0
121036,Online,Travel,Same City,Credit,21,18,No,0
132983,Online,Jewellery,Different City,Debit,18,0,No,1
67686,International,Food,Different State,Debit,0,26,Yes,1
189778,POS,Gaming,International,Debit,22,27,Yes,1
57374,POS,Jewellery,Different State,Credit,19,24,No,1
115628,ATM,Food,Same City,Credit,20,6,No,0
106600,Online,Shopping,Same City,Credit,23,25,No,1
116502,Online,Electronics,Same City,Credit,7,11,No,0
145301,POS,Shopping,Different City,Credit,17,30,No,1
44120,Online,Shopping,Same City,Debit,7,1,No,0
56637,POS,Jewellery,Same City,Credit,12,26,No,1
7316,ATM,Jewellery,Same City,Debit,8,22,No,0
704,Online,Food,Same City,Credit,17,28,No,0
36950,POS,Shopping,Same City,Credit,22,26,No,1
100380,ATM,Food,Same City,Debit,10,9,No,0
89397,Online,Shopping,Different City,Debit,16,25,No,0
43804,Online,Jewellery,Different State,Credit,0,10,No,1
116509,Online,Jewellery,International,Credit,0,15,Yes,1
111321,POS,Gaming,Same City,Credit,21,5,No,0
189395,POS,Shopping,Same City,Debit,15,1,No,0
24487,POS,Electronics,Same City,Credit,13,29,No,0
155254,ATM,Gaming,Same City,Credit,16,24,No,1
136256,POS,Fuel,Different City,Credit,5,25,No,1
95072,ATM,Shopping,Different State,Credit,21,18,No,1
78852,Online,Shopping,Same City,Credit,17,16,No,1
1276,Online,Shopping,Same City,Credit,9,10,No,0
39438,International,Shopping,Same City,Debit,0,2,Yes,1
128314,Online,Food,Same City,Credit,16,15,No,0
172734,ATM,Shopping,Different State,Credit,13,4,No,1
83864,POS,Shopping,Same City,Credit,21,21,No,1
66386,Online,Fuel,Same City,Debit,1,15,No,1
89662,Online,Travel,International,Credit,0,18,Yes,1
133187,International,Shopping,Same City,Credit,12,17,Yes,1
2843,Online,Electronics,Different State,Credit,19,4,No,0
105307,POS,Food,Different City,Credit,22,3,No,0
120765,Online,Food,Different City,Credit,15,19,No,0
126817,POS,Shopping,Same City,Credit,4,1,No,1
147516,Online,Electronics,Same City,Credit,22,4,No,0
118055,ATM,Fuel,Different City,Debit,15,18,No,0
42442,POS,Shopping,Same City,Debit,11,29,No,0
32839,Online,Fuel,Different State,Debit,2,9,No,0
5184,International,Travel,Different State,Credit,22,27,Yes,0
81305,International,Food,Different State,Debit,18,13,Yes,1
34253,Online,Shopping,International,Credit,2,5,Yes,0
150860,International,Jewellery,Different State,Debit,7,24,Yes,1
113934,POS,Travel,Same City,Debit,9,6,No,0
51887,POS,Food,Same City,Debit,16,15,No,0
98768,Online,Shopping,Different State,Debit,9,7,No,1
177400,POS,Fuel,Different City,Credit,7,8,No,0
169779,Online,Food,Same City,Credit,13,30,No,1
8114,POS,Travel,Same City,Credit,22,11,No,0
125373,Online,Food,Same City,Credit,22,26,No,1
96036,Online,Shopping,Same City,Credit,19,7,No,0
199453,Online,Jewellery,International,Debit,1,29,Yes,1
87154,Online,Shopping,International,Credit,14,5,Yes,1
103909,Online,Shopping,Same City,Debit,13,18,No,0
3441,ATM,Gaming,Same City,Credit,19,25,No,0
86596,POS,Jewellery,Same City,Debit,5,5,No,1
167183,Online,Electronics,Different City,Debit,19,13,No,0
181907,POS,Travel,International,Debit,7,27,Yes,1
44352,Online,Electronics,Same City,Credit,23,24,No,0
85151,Online,Electronics,Same City,Credit,18,1,No,0
166864,Online,Food,Same City,Credit,20,9,No,0
118486,POS,Shopping,Different City,Credit,8,21,No,1
187375,International,Shopping,Same City,Credit,15,19,Yes,1
184997,POS,Electronics,Same City,Credit,8,30,No,1
163146,Online,Jewellery,Different City,Credit,0,8,No,1
55677,POS,Electronics,Different State,Debit,22,11,No,0
122995,POS,Shopping,Same City,Credit,16,3,No,0
64659,Online,Travel,Same City,Credit,21,6,No,0
60393,Online,Shopping,Same City,Credit,15,29,No,1
166178,POS,Food,Different City,Credit,1,7,No,1
11849,Online,Shopping,Same City,Credit,4,10,No,0
7528,POS,Shopping,International,Credit,15,1,Yes,0
70032,POS,Electronics,Same City,Credit,20,26,No,1
78521,International,Food,Same City,Credit,5,11,Yes,1
23064,Online,Shopping,Different State,Credit,15,24,No,0
153816,Online,Shopping,International,Debit,11,28,Yes,0
187663,POS,Electronics,Same City,Debit,2,19,No,1
123424,Online,Electronics,Different State,Credit,15,30,No,1
102947,Online,Shopping,International,Debit,4,8,Yes,1
4674,ATM,Food,Different City,Credit,2,21,No,0
140726,POS,Fuel,Different City,Credit,4,0,No,1
303,POS,Jewellery,Same City,Credit,1,10,No,0
172991,Online,Fuel,Different City,Credit,14,14,No,0
80334,Online,Shopping,International,Credit,16,1,Yes,1
155514,Online,Shopping,Different State,Debit,13,23,No,1
13221,POS,Gaming,Same City,Credit,16,17,No,0
155786,Online,Food,International,Credit,3,12,Yes,1
145553,POS,Food,Same City,Debit,23,11,No,0
179682,Online,Food,Different City,Debit,20,1,No,0
100189,Online,Food,Different City,Debit,12,15,No,0
9084,Online,Jewellery,Different City,Credit,0,23,No,0
145321,Online,Gaming,Different State,Credit,20,6,No,1
92297,Online,Shopping,Same City,Debit,22,24,No,0
139945,Online,Electronics,Different City,Debit,16,24,No,1
164938,International,Food,Different City,Credit,9,19,Yes,1
108013,POS,Shopping,Same City,Credit,1,30,No,1
138211,POS,Food,Same City,Debit,10,24,No,1
26570,Online,Food,Same City,Credit,19,25,No,0
105526,Online,Food,International,Credit,1,29,Yes,1
115153,Online,Jewellery,Same City,Credit,11,16,No,1
90828,Online,Electronics,Same City,Debit,22,15,No,0
63526,Online,Shopping,Same City,Debit,15,3,No,0
42275,ATM,Shopping,Same City,Credit,4,0,No,1
37737,Online,Shopping,International,Debit,9,10,Yes,0
172639,Online,Food,Different City,Credit,23,23,No,0
147840,POS,Travel,Same City,Debit,12,20,No,0
136527,POS,Shopping,Same City,Credit,0,6,No,1
74050,Online,Shopping,Different City,Credit,18,2,No,0
82117,Online,Food,International,Debit,15,22,Yes,1
72970,Online,Jewellery,Different City,Debit,10,8,No,1
101677,Online,Gaming,Different City,Credit,16,19,No,1
41194,Online,Shopping,Different State,Debit,1,0,No,1
65586,Online,Shopping,International,Credit,12,23,Yes,1
26860,Online,Shopping,Same City,Credit,1,26,No,0
135519,ATM,Shopping,Different State,Debit,0,10,No,1
105625,Online,Electronics,Different State,Debit,6,18,No,1
138303,POS,Electronics,Same City,Debit,18,17,No,0
50877,Online,Food,Same City,Debit,17,25,No,0
73984,Online,Shopping,Same City,Debit,8,22,No,1
65914,POS,Fuel,Same City,Credit,14,7,No,0
78796,Online,Shopping,Same City,Debit,3,29,No,1
182408,Online,Electronics,Different City,Debit,8,25,No,1
199914,Online,Gaming,Same City,Credit,8,14,No,1
24352,ATM,Travel,Different City,Debit,18,25,No,0
32919,POS,Fuel,Same City,Debit,19,4,No,0
190490,POS,Travel,Different City,Credit,2,1,No,1
20676,Online,Shopping,Same City,Credit,17,20,No,0
2644,International,Food,Same City,Debit,5,10,Yes,0
116736,ATM,Gaming,Same City,Credit,16,11,No,1
150183,POS,Electronics,Different State,Debit,14,3,No,1
132044,POS,Shopping,Same City,Credit,11,24,No,1
71341,Online,Shopping,Different City,Credit,21,15,No,0
14426,POS,Food,Same City,Debit,14,8,No,0
164565,POS,Jewellery,Same City,Credit,7,7,No,1
185702,Online,Electronics,International,Credit,5,26,Yes,1
78863,Online,Fuel,Same City,Credit,14,11,No,0
17235,POS,Travel,Same City,Debit,12,7,No,0
9591,Online,Jewellery,Different City,Debit,9,13,No,0
43548,Online,Food,Same City,Credit,1,8,No,1
136691,Online,Gaming,Different State,Credit,20,20,No,1
136106,POS,Travel,Same City,Credit,20,7,No,0
28024,Online,Shopping,Different State,Debit,0,24,No,0
127577,International,Electronics,Same City,Credit,18,29,Yes,1
51813,ATM,Fuel,International,Credit,3,3,Yes,1
19468,Online,Gaming,Different City,Debit,1,8,No,0
44722,International,Food,Same City,Debit,11,10,Yes,0
110953,Online,Shopping,Same City,Debit,9,21,No,1
106833,International,Jewellery,Same City,Credit,18,3,Yes,1
178280,Online,Shopping,Same City,Credit,0,28,No,1
14623,Online,Electronics,Different City,Credit,20,12,No,0
56314,POS,Electronics,International,Debit,20,26,Yes,1
27301,International,Shopping,Different City,Credit,13,22,Yes,0
71677,POS,Electronics,Same City,Debit,23,25,No,1
91587,ATM,Food,Same City,Debit,19,4,No,0
172814,ATM,Travel,Different City,Credit,2,29,No,1
71791,POS,Electronics,Different State,Credit,19,12,No,0
8849,Online,Food,Different City,Credit,7,26,No,0
159359,Online,Fuel,Same City,Credit,0,12,No,1
154095,POS,Shopping,Different State,Debit,12,9,No,1
155428,POS,Gaming,Same City,Debit,21,20,No,1
94634,POS,Fuel,Same City,Debit,8,21,No,1
182450,ATM,Shopping,Same City,Credit,23,18,No,0
95026,Online,Gaming,Different State,Credit,0,19,No,1
102186,International,Shopping,Different City,Debit,3,21,Yes,1
14618,Online,Food,Same City,Credit,18,14,No,0
67712,ATM,Jewellery,Different City,Debit,2,4,No,1
60652,Online,Electronics,Different City,Credit,6,16,No,0
174690,International,Fuel,Different City,Debit,21,30,Yes,1
185930,ATM,Fuel,Same City,Credit,6,2,No,0
174507,Online,Shopping,Different City,Debit,14,30,No,1
164760,International,Fuel,International,Debit,23,13,Yes,1
36407,Online,Shopping,International,Credit,4,0,Yes,1
196879,Online,Electronics,Same City,Credit,15,12,No,0
165170,POS,Electronics,Different State,Credit,13,8,No,1
181052,POS,Gaming,Same City,Credit,20,19,No,1
108582,ATM,Food,Same City,Credit,7,25,No,1
17852,POS,Electronics,Different City,Debit,4,25,No,0
39207,ATM,Gaming,Same City,Credit,3,5,No,1
158042,Online,Gaming,Different City,Debit,10,27,No,1
48989,Online,Fuel,Same City,Credit,9,21,No,0
199361,International,Fuel,Different City,Credit,22,23,Yes,1
133084,Online,Jewellery,Same City,Credit,7,7,No,0
67603,Online,Electronics,Same City,Credit,15,2,No,0
83268,POS,Gaming,Different City,Debit,20,29,No,1
43851,ATM,Travel,International,Credit,11,18,Yes,0
39931,Online,Electronics,International,Debit,14,5,Yes,0
46913,ATM,Jewellery,Same City,Credit,4,6,No,1
77945,Online,Electronics,Same City,Credit,21,19,No,0
128473,POS,Shopping,Same City,Debit,18,6,No,0
94210,International,Fuel,Same City,Credit,18,30,Yes,1
38385,Online,Travel,Different City,Credit,15,21,No,0
102732,International,Travel,Same City,Credit,4,30,Yes,1
171263,POS,Food,Same City,Credit,17,9,No,0
42139,Online,Shopping,Same City,Credit,12,30,No,0
194903,International,Electronics,Different City,Credit,8,20,Yes,1
134128,POS,Jewellery,Different State,Credit,3,1,No,1
179131,POS,Travel,Same City,Debit,7,22,No,1
92674,ATM,Food,Same City,Credit,15,4,No,1
161890,Online,Shopping,Same City,Credit,8,26,No,1
114618,POS,Shopping,Different City,Credit,6,20,No,0
17459,Online,Electronics,Same City,Credit,21,22,No,1
95371,ATM,Shopping,Same City,Credit,17,24,No,1
33889,Online,Fuel,Same City,Credit,6,13,No,1
118535,Online,Shopping,Same City,Debit,16,7,No,1
50012,POS,Electronics,Different State,Debit,6,14,No,0
53763,POS,Jewellery,Different City,Credit,17,0,No,0
29422,ATM,Electronics,Same City,Credit,13,19,No,0
146416,POS,Electronics,Same City,Credit,0,8,No,1
66349,Online,Shopping,Same City,Credit,18,14,No,1
179871,POS,Food,Different City,Credit,3,10,No,1
24999,POS,Food,Different City,Credit,22,5,No,0
153807,Online,Shopping,Same City,Credit,0,20,No,1
107040,POS,Jewellery,Same City,Debit,6,3,No,1
42679,POS,Food,Different City,Debit,4,21,No,1
144980,International,Food,Different State,Credit,14,20,Yes,1
79833,Online,Jewellery,Different City,Debit,22,9,No,1
106161,Online,Food,Different State,Credit,11,1,No,1
22890,Online,Food,Same City,Credit,16,21,No,0
47699,POS,Electronics,Different City,Credit,1,7,No,1
116791,Online,Gaming,International,Credit,11,25,Yes,1
133137,Online,Electronics,Same City,Debit,13,2,No,0
81233,ATM,Shopping,Different City,Debit,11,30,No,1
181539,ATM,Gaming,Same City,Debit,1,10,No,1
92538,POS,Food,Same City,Credit,2,3,No,1
117858,International,Electronics,Same City,Debit,10,14,Yes,1
37533,Online,Food,Different City,Debit,2,12,No,0
149518,International,Fuel,International,Credit,1,25,Yes,1
91491,POS,Jewellery,Same City,Debit,6,12,No,1
156105,ATM,Shopping,Different State,Credit,14,13,No,1
18541,Online,Travel,Different City,Credit,19,23,No,0
180155,International,Travel,Same City,Credit,3,23,Yes,1
150110,POS,Gaming,Different City,Debit,19,4,No,1
166142,International,Food,Same City,Credit,7,6,Yes,1
127436,POS,Fuel,Different City,Debit,4,16,No,1
168582,International,Travel,Different City,Credit,20,3,Yes,1
67786,ATM,Jewellery,Same City,Debit,1,22,No,1
149121,Online,Shopping,Same City,Credit,19,18,No,0
190940,POS,Food,Same City,Credit,20,21,No,1
81287,Online,Fuel,Same City,Credit,5,23,No,1
101183,POS,Jewellery,Same City,Credit,14,26,No,1
149009,Online,Food,International,Debit,7,10,Yes,1
135207,Online,Gaming,Same City,Debit,22,27,No,1
14305,POS,Gaming,Different State,Debit,11,16,No,0
118180,POS,Shopping,Different City,Credit,21,25,No,1
99299,POS,Food,Different State,Debit,21,1,No,1
181876,Online,Jewellery,Different City,Credit,21,26,No,1
101793,Online,Jewellery,Different City,Credit,21,0,No,1
785,POS,Travel,Same City,Credit,6,6,No,0
131447,Online,Shopping,Different State,Credit,18,19,No,1
145413,Online,Electronics,Different City,Credit,4,29,No,1
103014,Online,Shopping,Same City,Debit,22,10,No,0
74743,POS,Shopping,Different City,Credit,4,30,No,1
70312,POS,Shopping,Same City,Debit,1,18,No,1
93668,Online,Food,Same City,Debit,4,1,No,0
29865,POS,Shopping,Same City,Credit,11,18,No,0
123335,ATM,Shopping,Same City,Credit,7,29,No,1
24543,International,Shopping,Different City,Debit,0,26,Yes,0
7876,Online,Food,Different State,Credit,4,29,No,0
170259,Online,Electronics,Same City,Credit,9,13,No,0
92558,Online,Shopping,Same City,Credit,10,18,No,0
33148,International,Shopping,Same City,Credit,15,15,Yes,0
158884,ATM,Food,Different State,Credit,4,15,No,1
50349,POS,Gaming,Same City,Debit,1,0,No,1
182101,POS,Shopping,Different City,Debit,4,30,No,1
147636,Online,Jewellery,Same City,Credit,14,11,No,1
177449,Online,Shopping,Different State,Credit,20,30,No,1
6327,International,Shopping,Same City,Credit,1,1,Yes,0
54831,Online,Gaming,Same City,Credit,5,29,No,1
47894,POS,Travel,Same City,Credit,21,26,No,0
192695,POS,Fuel,Different City,Credit,12,25,No,1
38558,Online,Fuel,Same City,Credit,5,5,No,1
11142,ATM,Fuel,Same City,Credit,7,20,No,0
196340,Online,Travel,Same City,Credit,17,10,No,0
142044,POS,Food,Same City,Credit,4,1,No,1
39611,Online,Gaming,Different State,Debit,0,30,No,1
43985,Online,Gaming,Same City,Credit,13,22,No,0
132029,POS,Shopping,Different State,Credit,0,27,No,1
181663,ATM,Gaming,Different State,Debit,14,4,No,1
67489,International,Jewellery,Same City,Credit,14,17,Yes,1
65795,POS,Travel,Same City,Credit,0,25,No,1
158958,Online,Food,Same City,Debit,1,13,No,1
161271,POS,Gaming,International,Credit,9,4,Yes,1
16168,ATM,Shopping,Different State,Credit,12,21,No,0
185552,POS,Food,Same City,Credit,10,6,No,0
19638,POS,Jewellery,Same City,Credit,22,12,No,0
2872,ATM,Shopping,Different State,Debit,12,9,No,0
151416,ATM,Gaming,Same City,Credit,6,28,No,1
45765,ATM,Jewellery,Same City,Debit,7,11,No,0
70893,Online,Food,Same City,Credit,2,19,No,1
68700,POS,Travel,Same City,Debit,15,0,No,0
189874,POS,Travel,Different State,Credit,1,15,No,1
27221,POS,Shopping,Different State,Credit,7,7,No,0
143747,POS,Electronics,Different City,Credit,4,20,No,1
108177,Online,Shopping,International,Credit,18,29,Yes,0
177384,POS,Fuel,Same City,Debit,0,23,No,1
97676,Online,Food,Same City,Credit,21,24,No,1
60299,POS,Gaming,Same City,Credit,21,5,No,1
123482,Online,Gaming,Different City,Credit,14,21,No,1
174061,ATM,Food,Same City,Credit,10,19,No,0
118406,POS,Food,Different City,Credit,12,21,No,1
161457,ATM,Food,Different City,Credit,2,12,No,1
91646,ATM,Shopping,Same City,Debit,21,27,No,1
49292,Online,Jewellery,International,Debit,14,25,Yes,0
197125,Online,Gaming,Different State,Debit,12,17,No,1
177324,International,Electronics,Same City,Credit,10,15,Yes,1
120110,Online,Gaming,Different State,Credit,19,23,No,1
133567,Online,Food,Different City,Credit,6,30,No,1
88549,POS,Shopping,Different City,Debit,14,8,No,0
7127,POS,Gaming,Same City,Credit,11,24,No,0
38204,International,Electronics,Same City,Debit,2,22,Yes,1
183898,POS,Fuel,Different State,Debit,8,13,No,1
134233,POS,Gaming,Different City,Credit,5,2,No,1
151324,Online,Travel,Same City,Debit,14,23,No,1
170712,Online,Jewellery,Same City,Debit,1,28,No,1
172234,ATM,Food,Same City,Debit,15,21,No,1
2368,Online,Food,Same City,Credit,18,16,No,0
127048,International,Travel,Same City,Debit,2,27,Yes,1
74002,POS,Electronics,Different City,Credit,14,9,No,0
77350,Online,Shopping,Same City,Credit,23,17,No,0
178932,POS,Electronics,Same City,Credit,2,14,No,1
88167,POS,Fuel,Same City,Credit,5,13,No,1
112260,POS,Travel,Different City,Credit,17,16,No,0
123474,Online,Food,Same City,Debit,9,30,No,1
72880,Online,Fuel,International,Credit,18,22,Yes,1
109138,International,Fuel,Different City,Debit,13,5,Yes,1
87360,POS,Shopping,Different City,Credit,12,28,No,1
158123,Online,Shopping,Same City,Debit,9,25,No,1
158446,Online,Electronics,Different City,Credit,2,11,No,1
105498,Online,Shopping,International,Debit,1,30,Yes,1
122084,Online,Food,Different City,Credit,10,30,No,1
99391,Online,Electronics,Same City,Debit,7,7,No,0
115441,International,Shopping,Different State,Debit,15,2,Yes,1
166755,POS,Food,Same City,Debit,13,6,No,0
27661,Online,Shopping,Same City,Credit,17,27,No,0
128097,POS,Electronics,Different State,Credit,10,22,No,1
90989,POS,Travel,Same City,Credit,11,13,No,0
77813,Online,Jewellery,Same City,Debit,21,16,No,1
36671,Online,Shopping,Different City,Debit,12,13,No,0
82963,ATM,Gaming,Same City,Debit,19,16,No,1
46133,POS,Fuel,International,Debit,9,14,Yes,0
86171,Online,Shopping,Different City,Debit,5,26,No,1
145717,ATM,Travel,Different State,Debit,5,6,No,1
4496,Online,Food,Same City,Credit,9,4,No,0
196438,POS,Food,Same City,Credit,21,24,No,1
123621,Online,Travel,Same City,Credit,7,4,No,1
126746,Online,Shopping,Same City,Debit,23,0,No,0
174645,POS,Fuel,Same City,Debit,20,22,No,1
63727,Online,Food,Same City,Debit,14,15,No,0
9681,Online,Food,Same City,Credit,18,15,No,0
33084,ATM,Shopping,Different City,Debit,5,17,No,0
117583,International,Shopping,Different City,Debit,1,24,Yes,1
40048,Online,Food,Different State,Credit,23,25,No,0
58540,International,Electronics,Different State,Debit,20,1,Yes,1
27362,Online,Jewellery,Same City,Debit,11,25,No,0
167251,ATM,Food,Different State,Credit,16,12,No,1
90086,Online,Shopping,International,Credit,21,29,Yes,1
195692,POS,Travel,Same City,Credit,5,19,No,1
180922,Online,Travel,Same City,Credit,22,14,No,1
172914,ATM,Fuel,Same City,Debit,10,18,No,0
177699,ATM,Jewellery,Same City,Credit,13,0,No,1
155981,Online,Shopping,Same City,Debit,7,27,No,1
151074,POS,Electronics,Same City,Debit,15,2,No,0
98645,Online,Shopping,Same City,Credit,1,10,No,1
143784,ATM,Shopping,Same City,Credit,3,11,No,1
54286,POS,Fuel,Same City,Credit,0,4,No,1
118025,POS,Travel,Same City,Debit,12,11,No,0
173128,POS,Travel,Different State,Debit,9,11,No,1
89393,POS,Gaming,Same City,Credit,10,10,No,1
63012,POS,Food,Different City,Debit,14,3,No,0
95664,ATM,Jewellery,Same City,Credit,7,19,No,1
42161,POS,Shopping,Different State,Debit,4,25,No,1
118885,ATM,Electronics,Different City,Credit,2,12,No,1
25339,ATM,Gaming,Different City,Credit,11,15,No,0
77655,Online,Shopping,Same City,Debit,21,4,No,0
101213,ATM,Fuel,Same City,Credit,23,24,No,1
78791,International,Shopping,Different City,Debit,7,5,Yes,1
24102,ATM,Electronics,Same City,Debit,0,23,No,0
152864,Online,Electronics,Same City,Debit,0,18,No,1
46244,ATM,Shopping,Different City,Credit,22,26,No,0
92789,POS,Food,Different City,Debit,9,29,No,1
159426,International,Shopping,Different State,Debit,4,10,Yes,1
2239,Online,Fuel,Same City,Debit,3,6,No,0
194352,International,Jewellery,Same City,Credit,11,15,Yes,1
56287,POS,Electronics,Same City,Credit,14,13,No,0
22954,Online,Shopping,Different State,Credit,3,4,No,1
43464,POS,Fuel,Different City,Credit,7,1,No,0
155305,ATM,Travel,Same City,Credit,19,1,No,0
169110,POS,Shopping,Same City,Credit,11,5,No,0
150119,Online,Gaming,Different City,Credit,2,21,No,1
84230,Online,Travel,Different State,Credit,14,30,No,1
199427,Online,Fuel,Same City,Credit,9,29,No,1
182492,International,Fuel,Same City,Debit,6,22,Yes,1
147735,Online,Shopping,Same City,Debit,9,1,No,0
8009,Online,Electronics,Different State,Credit,7,8,No,0
69174,POS,Food,International,Credit,16,15,Yes,1
90524,Online,Electronics,Same City,Debit,4,11,No,1
171284,POS,Shopping,Different State,Debit,6,3,No,1
51439,POS,Jewellery,Same City,Credit,20,27,No,0
14483,Online,Fuel,Different City,Debit,0,30,No,0
150395,POS,Fuel,Same City,Credit,14,0,No,1
155763,POS,Food,Different City,Debit,12,12,No,0
64473,ATM,Shopping,Different City,Credit,14,1,No,1
28436,POS,Food,Different State,Debit,18,15,No,0
17323,Online,Shopping,Same City,Credit,6,9,No,0
8127,ATM,Food,Different State,Debit,9,9,No,0
142106,POS,Travel,Different City,Debit,7,14,No,0
192044,Online,Gaming,Same City,Credit,10,29,No,1
181622,Online,Food,International,Debit,11,10,Yes,1
29609,Online,Electronics,Different State,Debit,0,30,No,0
81578,POS,Shopping,Different City,Credit,17,17,No,0
143703,POS,Shopping,Different State,Debit,6,4,No,1
139531,Online,Food,Same City,Credit,11,16,No,0
110486,ATM,Food,Same City,Credit,22,8,No,0
60625,POS,Shopping,Same City,Credit,14,10,No,0
44312,POS,Travel,Same City,Credit,16,9,No,1
27215,Online,Electronics,Same City,Credit,14,5,No,0
185365,Online,Shopping,Same City,Credit,13,17,No,0
26832,Online,Fuel,Different State,Debit,2,2,No,0
43717,Online,Electronics,Different State,Credit,22,20,No,0
92016,International,Shopping,Same City,Debit,12,16,Yes,1
60779,POS,Shopping,Same City,Credit,9,28,No,1
71584,POS,Food,International,Debit,11,21,Yes,1
111246,Online,Shopping,Same City,Credit,19,30,No,1
36188,Online,Electronics,International,Debit,12,25,Yes,0
70107,POS,Electronics,Different City,Debit,14,23,No,1
54536,Online,Travel,Same City,Debit,1,30,No,1
178143,POS,Shopping,Different State,Credit,0,24,No,1
150462,Online,Electronics,Different State,Credit,3,2,No,1
181811,ATM,Fuel,Different City,Debit,7,8,No,0
164822,Online,Food,Different State,Debit,14,1,No,0
110193,Online,Travel,Different City,Debit,18,10,No,0
32635,Online,Shopping,International,Credit,19,23,Yes,0
151115,Online,Shopping,Same City,Debit,22,15,No,0
183119,International,Fuel,Same City,Credit,16,0,Yes,1
29524,Online,Jewellery,Different State,Debit,22,27,No,0
117233,Online,Food,Different City,Debit,22,24,No,1
48367,Online,Electronics,Different State,Debit,17,7,No,0
110872,Online,Electronics,Different City,Debit,21,30,No,1
12206,Online,Food,Same City,Debit,3,4,No,0
163405,Online,Gaming,Same City,Debit,23,23,No,1
71031,ATM,Electronics,International,Credit,9,2,Yes,1
75707,Online,Electronics,Different City,Debit,7,10,No,0
39356,ATM,Fuel,Different State,Credit,6,15,No,0
140314,ATM,Electronics,Different State,Debit,18,17,No,1
54657,Online,Shopping,Different State,Credit,20,14,No,0
123924,Online,Shopping,Same City,Credit,23,23,No,1
137643,ATM,Jewellery,International,Debit,16,25,Yes,1
19232,International,Jewellery,Same City,Credit,3,13,Yes,0
78925,International,Food,Same City,Debit,3,18,Yes,1
63307,Online,Gaming,Same City,Credit,23,24,No,1
128412,Online,Electronics,Different City,Credit,17,27,No,1
88306,International,Shopping,Same City,Debit,15,9,Yes,1
190943,POS,Shopping,Same City,Credit,3,20,No,1
63604,Online,Jewellery,Same City,Debit,23,24,No,1
8172,POS,Shopping,Same City,Credit,18,1,No,0
174647,Online,Electronics,Same City,Credit,23,26,No,1
56462,ATM,Gaming,Same City,Credit,9,12,No,1
175379,POS,Jewellery,Different City,Credit,0,6,No,1
195403,POS,Fuel,Different City,Debit,0,14,No,0
64578,POS,Electronics,Same City,Credit,23,13,No,0
184924,ATM,Electronics,International,Credit,1,15,Yes,1
197353,POS,Gaming,Different State,Credit,8,16,No,1
40614,POS,Electronics,Same City,Credit,14,27,No,0
179436,Online,Food,Same City,Credit,9,21,No,1
89311,Online,Food,Same City,Credit,21,8,No,0
156883,POS,Travel,Same City,Credit,15,15,No,0
1015,ATM,Fuel,Same City,Credit,4,24,No,0
48833,Online,Shopping,Different City,Debit,1,6,No,1
194923,Online,Jewellery,Same City,Credit,11,30,No,1
63413,Online,Fuel,Different City,Debit,14,24,No,1
67709,ATM,Shopping,Same City,Credit,13,16,No,0
169784,Online,Travel,Different City,Credit,4,10,No,1
52556,POS,Gaming,Different City,Credit,23,25,No,0
55134,Online,Jewellery,Same City,Debit,6,4,No,1
60536,Online,Food,Same City,Debit,22,12,No,0
136319,Online,Shopping,Different State,Debit,7,15,No,1
48921,Online,Gaming,Same City,Credit,7,22,No,0
192343,POS,Fuel,Same City,Debit,9,4,No,0
65893,International,Shopping,Different City,Credit,6,6,Yes,1
199765,Online,Shopping,Different City,Debit,16,6,No,0
96342,Online,Electronics,Same City,Credit,15,28,No,1
3413,Online,Shopping,Same City,Credit,22,20,No,0
197426,International,Electronics,Same City,Credit,21,12,Yes,1
171161,POS,Food,Different State,Credit,9,23,No,1
37869,Online,Travel,Different City,Debit,14,19,No,0
114152,Online,Food,Different City,Debit,14,6,No,0
158050,Online,Travel,Different City,Credit,4,16,No,1
56037,POS,Gaming,Same City,Credit,19,14,No,1
177555,POS,Fuel,Different City,Credit,11,0,No,0
24899,POS,Food,Different City,Debit,11,25,No,0
21254,POS,Electronics,Same City,Credit,13,13,No,0
193153,POS,Food,Different City,Credit,20,14,No,0
78130,POS,Travel,Different State,Debit,18,21,No,1
64748,Online,Gaming,Different City,Credit,23,0,No,1
87904,Online,Shopping,Same City,Credit,3,10,No,1
199164,Online,Fuel,Same City,Credit,21,13,No,0
158360,Online,Food,Different City,Credit,17,18,No,0
195161,Online,Food,Different State,Debit,6,2,No,1
134723,POS,Shopping,Same City,Debit,0,21,No,1
122715,International,Food,Same City,Debit,5,11,Yes,1
172279,ATM,Shopping,Different City,Credit,23,6,No,0
132480,POS,Travel,Different City,Credit,21,12,No,1
25275,POS,Shopping,Same City,Credit,13,12,No,0
190746,Online,Food,International,Debit,13,9,Yes,1
198137,Online,Electronics,Different State,Debit,6,21,No,1
93791,POS,Gaming,Same City,Credit,13,25,No,1
161675,POS,Gaming,Same City,Debit,9,29,No,1
185503,POS,Food,International,Credit,9,11,Yes,1
64829,POS,Food,International,Debit,8,29,Yes,1
56043,POS,Jewellery,Same City,Debit,1,23,No,1
186625,Online,Travel,Different City,Debit,12,13,No,0
23136,POS,Food,Different State,Credit,14,14,No,0
138686,International,Travel,Same City,Credit,7,26,Yes,1
11476,POS,Food,Same City,Credit,1,12,No,0
84869,Online,Shopping,Same City,Credit,18,26,No,1
73610,Online,Gaming,Different City,Credit,7,9,No,1
60968,Online,Travel,Different City,Credit,3,5,No,1
179938,Online,Shopping,Same City,Credit,0,16,No,1
55039,Online,Food,Different City,Credit,0,28,No,1
15461,Online,Food,Same City,Credit,23,29,No,0
172347,POS,Shopping,Same City,Credit,10,1,No,0
62422,POS,Fuel,Same City,Credit,11,17,No,0
186264,POS,Jewellery,Same City,Credit,20,1,No,0
79450,Online,Travel,Same City,Credit,4,27,No,1
187440,POS,Food,Same City,Credit,10,10,No,0
6892,Online,Food,Different State,Credit,16,0,No,0
8270,Online,Fuel,Different State,Debit,3,30,No,0
98346,POS,Food,Different State,Debit,19,9,No,1
151723,Online,Fuel,Different City,Debit,1,28,No,1
31770,POS,Electronics,Different City,Credit,18,13,No,0
21460,POS,Electronics,Same City,Credit,17,0,No,0
160091,International,Gaming,Same City,Credit,17,29,Yes,1
95950,Online,Fuel,Different City,Debit,2,4,No,1
57772,Online,Shopping,Different City,Credit,11,5,No,0
11133,POS,Jewellery,Different State,Credit,21,1,No,0
55988,POS,Electronics,International,Credit,11,16,Yes,1
101118,Online,Food,Same City,Credit,3,2,No,1
47630,International,Electronics,Different City,Debit,20,7,Yes,1
101898,POS,Fuel,International,Credit,15,21,Yes,1
28979,Online,Food,Different State,Credit,2,28,No,0
191429,Online,Gaming,Different City,Credit,21,19,No,1
58204,Online,Shopping,Same City,Debit,16,24,No,0
189012,International,Shopping,Different State,Credit,9,26,Yes,1
157395,Online,Gaming,Same City,Debit,3,27,No,0
152845,POS,Gaming,Different City,Credit,17,1,No,1
94291,Online,Shopping,Same City,Debit,6,25,No,1
136117,Online,Electronics,Different State,Debit,17,24,No,0
66975,POS,Fuel,Different State,Debit,22,2,No,0
131057,International,Food,Different State,Credit,7,8,Yes,1
85475,Online,Travel,Same City,Debit,0,18,No,1
194139,Online,Fuel,Same City,Credit,4,22,No,1
68854,Online,Food,Different City,Debit,20,17,No,0
91427,POS,Shopping,Same City,Debit,8,2,No,0
174466,POS,Shopping,Different City,Credit,20,14,No,0
47060,Online,Shopping,Different City,Credit,14,12,No,0
158649,Online,Gaming,Same City,Credit,12,30,No,1
74992,POS,Travel,Different City,Credit,9,21,No,1
136087,Online,Fuel,Same City,Debit,21,12,No,0
117013,International,Shopping,Different City,Credit,23,17,Yes,1
2165,ATM,Food,Same City,Credit,12,28,No,0
165598,International,Electronics,Same City,Credit,12,11,Yes,1
130552,POS,Fuel,Same City,Credit,11,26,No,1
34738,Online,Electronics,Same City,Credit,5,30,No,0
39781,Online,Electronics,Different State,Credit,10,23,No,0
162446,Online,Food,Same City,Credit,11,30,No,1
89092,ATM,Shopping,Same City,Debit,7,10,No,0
23078,Online,Shopping,Same City,Debit,0,10,No,0
163592,Online,Gaming,Same City,Credit,22,22,No,1
158574,Online,Shopping,Different State,Credit,8,28,No,1
190295,Online,Fuel,Different State,Debit,2,8,No,1
141198,International,Travel,Same City,Debit,6,21,Yes,1
122148,ATM,Travel,Different City,Credit,9,1,No,0
25441,International,Food,Same City,Credit,6,15,Yes,0
148434,ATM,Fuel,Same City,Credit,20,0,No,0
178637,POS,Shopping,Same City,Debit,11,14,No,0
161725,ATM,Food,Same City,Credit,16,15,No,0
74087,ATM,Fuel,Different State,Credit,22,9,No,0
139871,Online,Electronics,International,Debit,4,10,Yes,1
196144,Online,Gaming,Same City,Credit,14,16,No,1
198602,Online,Shopping,Same City,Credit,10,11,No,0
193094,POS,Travel,Same City,Credit,8,14,No,0
114171,Online,Food,Same City,Credit,17,15,No,0
185375,POS,Travel,Same City,Debit,1,20,No,1
54522,Online,Fuel,Same City,Debit,17,11,No,0
27028,Online,Electronics,Same City,Credit,21,20,No,1
77572,POS,Jewellery,Same City,Debit,7,0,No,1
32024,Online,Food,Same City,Credit,4,18,No,0
156731,Online,Food,Different City,Credit,6,6,No,0
160618,ATM,Shopping,Same City,Debit,7,7,No,0
72616,ATM,Jewellery,Same City,Credit,19,14,No,0
6693,ATM,Electronics,Different State,Credit,9,9,No,0
130211,Online,Electronics,Different City,Debit,22,13,No,0
192425,POS,Travel,Different State,Credit,12,1,No,1
34397,Online,Gaming,Same City,Debit,6,14,No,0
57664,POS,Travel,Same City,Debit,6,6,No,0
43977,Online,Fuel,Same City,Credit,14,0,No,0
54295,POS,Jewellery,Different City,Debit,16,6,No,0
145740,POS,Travel,Different City,Credit,0,14,No,0
105662,Online,Fuel,International,Credit,0,0,Yes,1
117876,Online,Electronics,Same City,Debit,4,3,No,1
47544,ATM,Gaming,Same City,Credit,6,27,No,0
108978,ATM,Travel,Same City,Debit,14,4,No,0
185780,ATM,Gaming,Same City,Credit,9,23,No,1
168880,POS,Fuel,Different City,Debit,1,28,No,1
173149,International,Shopping,Same City,Credit,7,3,Yes,1
66258,POS,Food,International,Credit,23,8,Yes,1
147535,Online,Jewellery,Different City,Debit,13,11,No,1
68621,Online,Shopping,Same City,Credit,17,21,No,1
198580,POS,Food,Different City,Debit,12,8,No,0
138781,Online,Electronics,Different City,Credit,11,23,No,1
144930,ATM,Electronics,Different City,Credit,2,19,No,1
150520,ATM,Jewellery,Same City,Debit,6,29,No,1
88299,POS,Shopping,Same City,Credit,15,15,No,0
148986,Online,Electronics,Same City,Credit,9,2,No,0
156236,Online,Food,Different State,Debit,0,30,No,1
142816,ATM,Shopping,Different State,Debit,6,6,No,1
3504,POS,Travel,Same City,Credit,0,1,No,0
21595,Online,Shopping,Same City,Debit,9,9,No,0
52216,Online,Food,Different City,Debit,8,18,No,0
22914,Online,Electronics,International,Credit,12,24,Yes,0
65659,ATM,Electronics,Same City,Debit,21,19,No,0
23578,Online,Fuel,Same City,Debit,0,12,No,0
150123,Online,Gaming,Same City,Credit,1,18,No,1
31077,Online,Shopping,Same City,Credit,9,7,No,0
15077,Online,Electronics,Different City,Credit,5,28,No,0
95277,POS,Travel,Different City,Debit,11,11,No,0
116473,POS,Shopping,Different State,Credit,3,3,No,1
80907,POS,Shopping,International,Debit,6,20,Yes,1
191506,ATM,Food,Different State,Credit,16,10,No,1
144757,POS,Fuel,Different City,Credit,2,1,No,1
137396,Online,Gaming,Same City,Credit,12,30,No,1
155069,Online,Shopping,Different City,Credit,13,8,No,0
130171,Online,Food,Same City,Credit,15,21,No,1
92020,POS,Fuel,Different State,Debit,16,14,No,1
101614,Online,Food,Different City,Credit,14,23,No,1
92789,ATM,Fuel,Same City,Debit,8,27,No,1
9557,POS,Shopping,Same City,Credit,14,15,No,0
169826,Online,Electronics,Different City,Debit,19,12,No,0
59604,POS,Food,Different State,Credit,11,8,No,0
8629,ATM,Travel,Same City,Credit,6,6,No,0
97584,International,Gaming,Same City,Debit,7,13,Yes,1
79514,International,Travel,Different City,Credit,0,15,Yes,1
54896,Online,Fuel,Same City,Credit,23,28,No,0
46415,ATM,Electronics,Different State,Credit,1,25,No,1
37102,Online,Travel,Different State,Credit,18,13,No,0
76476,International,Travel,Different City,Credit,12,27,Yes,1
9889,Online,Fuel,International,Debit,6,26,Yes,0
162453,POS,Shopping,Different City,Debit,22,30,No,1
74464,ATM,Shopping,Different State,Credit,20,15,No,0
126699,ATM,Shopping,Different State,Credit,12,9,No,1
68878,POS,Travel,Different City,Credit,16,6,No,0
5795,Online,Food,Same City,Credit,20,11,No,0
124109,POS,Shopping,Same City,Debit,11,21,No,1
168220,POS,Food,Same City,Credit,23,12,No,0
123404,Online,Electronics,Same City,Credit,22,17,No,0
31491,International,Gaming,Same City,Debit,3,27,Yes,0
28880,Online,Travel,Same City,Credit,18,16,No,0
176305,Online,Electronics,Same City,Debit,15,13,No,0
116988,Online,Fuel,Same City,Debit,15,18,No,0
11862,POS,Electronics,Different State,Credit,0,26,No,0
10803,POS,Jewellery,Same City,Debit,21,20,No,0
139274,POS,Travel,Same City,Credit,8,16,No,0
92183,POS,Food,Different State,Debit,22,21,No,0
76398,ATM,Gaming,Same City,Credit,19,0,No,1
118506,POS,Fuel,Same City,Debit,12,25,No,1
64509,POS,Shopping,Same City,Credit,23,19,No,0
70087,International,Jewellery,Different State,Credit,21,18,Yes,1
194724,POS,Shopping,International,Debit,1,14,Yes,1
97550,Online,Fuel,Different State,Credit,19,19,No,1
32657,POS,Shopping,Different State,Debit,4,19,No,0
172694,POS,Food,Same City,Debit,5,29,No,1
104839,Online,Jewellery,International,Credit,19,20,Yes,1
92694,Online,Electronics,Same City,Credit,14,6,No,0
6851,Online,Fuel,Different City,Credit,2,17,No,0
85652,Online,Food,Same City,Debit,17,4,No,0
198821,International,Fuel,International,Credit,1,9,Yes,1
32722,ATM,Shopping,Same City,Debit,11,9,No,0
185912,Online,Fuel,Same City,Debit,15,19,No,0
53727,POS,Travel,Different City,Credit,22,10,No,0
85930,Online,Fuel,Same City,Credit,5,15,No,1
177962,Online,Travel,Same City,Debit,4,18,No,1
25912,POS,Shopping,Same City,Debit,21,13,No,0
137974,POS,Shopping,Different State,Credit,7,1,No,1
32588,POS,Electronics,Different State,Debit,9,8,No,0
118977,Online,Electronics,Same City,Debit,9,16,No,0
153507,POS,Fuel,Different State,Debit,16,18,No,1
67027,Online,Electronics,Same City,Debit,0,14,No,1
108358,POS,Food,Different State,Debit,6,11,No,1
133348,POS,Fuel,Same City,Debit,21,4,No,0
86538,Online,Electronics,Same City,Credit,15,8,No,0
47264,Online,Fuel,Same City,Credit,14,4,No,0
193211,POS,Fuel,Same City,Credit,1,0,No,1
186404,Online,Food,Same City,Debit,17,26,No,1
180452,POS,Travel,Same City,Debit,3,13,No,1
51867,POS,Food,Same City,Debit,3,4,No,1
153748,Online,Fuel,International,Debit,13,14,Yes,1
192575,ATM,Food,Same City,Credit,4,15,No,1
126630,Online,Shopping,Same City,Credit,11,30,No,1
164625,Online,Shopping,Different State,Debit,1,1,No,1
95661,Online,Shopping,Same City,Credit,10,28,No,1
114169,ATM,Jewellery,Same City,Credit,21,6,No,1
172597,POS,Jewellery,Different City,Credit,1,17,No,1
160731,Online,Shopping,International,Debit,2,0,Yes,1
199101,POS,Food,Same City,Credit,10,21,No,1
84263,ATM,Shopping,Different City,Credit,7,7,No,0
100688,ATM,Electronics,Different City,Debit,2,21,No,1
9549,POS,Jewellery,Different State,Debit,17,11,No,0
6507,International,Shopping,Same City,Debit,6,19,Yes,0
28418,Online,Shopping,Same City,Credit,1,1,No,0
49870,POS,Electronics,Different City,Debit,13,7,No,0
11258,Online,Shopping,Different City,Credit,17,20,No,0
44549,International,Jewellery,Same City,Credit,6,16,Yes,0
118010,POS,Electronics,Same City,Credit,12,7,No,0
71657,ATM,Fuel,Different City,Credit,9,16,No,0
48752,Online,Electronics,Same City,Credit,8,4,No,0
108372,Online,Fuel,Same City,Debit,6,24,No,1
43734,ATM,Gaming,Same City,Credit,19,25,No,0
135964,Online,Electronics,Same City,Debit,9,8,No,0
44340,Online,Travel,Different City,Credit,8,12,No,0
57044,International,Travel,Different City,Credit,10,10,Yes,1
105842,Online,Shopping,Different City,Credit,4,20,No,1
153018,ATM,Fuel,International,Debit,8,24,Yes,1
101969,Online,Gaming,Different State,Credit,3,21,No,1
47826,ATM,Gaming,Different State,Credit,20,20,No,0
169340,Online,Food,Same City,Credit,1,7,No,1
60498,POS,Travel,Same City,Debit,21,22,No,1
135020,Online,Fuel,Different City,Debit,10,15,No,0
13589,International,Electronics,Same City,Credit,10,21,Yes,0
173794,Online,Fuel,Different State,Debit,14,16,No,1
177571,Online,Fuel,Same City,Debit,4,29,No,1
196343,POS,Food,Different City,Debit,8,6,No,0
58870,Online,Shopping,Same City,Credit,13,11,No,0
65979,ATM,Shopping,Same City,Credit,21,16,No,0
65651,POS,Shopping,Same City,Credit,10,2,No,0
24397,POS,Travel,Different City,Debit,10,13,No,0
26650,Online,Food,Different State,Credit,17,2,No,0
49261,International,Fuel,Different City,Credit,15,28,Yes,1
186279,International,Shopping,Same City,Credit,22,1,Yes,1
33879,Online,Travel,Same City,Credit,23,25,No,0
20395,POS,Travel,Same City,Credit,19,2,No,0
91738,POS,Fuel,Different State,Debit,18,26,No,1
94956,POS,Shopping,Different State,Credit,22,5,No,1
162743,Online,Jewellery,Different State,Credit,16,26,No,1
81918,International,Shopping,Same City,Debit,23,23,Yes,1
57988,Online,Shopping,Different City,Credit,4,3,No,1
154155,POS,Food,International,Debit,3,9,Yes,1
62806,International,Shopping,Same City,Credit,4,14,Yes,1
22903,Online,Food,Same City,Debit,5,7,No,0
22761,International,Jewellery,Same City,Credit,4,8,Yes,0
87068,Online,Food,International,Debit,21,7,Yes,1
124112,POS,Shopping,Different City,Credit,0,28,No,1
196269,ATM,Fuel,International,Credit,1,13,Yes,1
83778,POS,Shopping,Same City,Credit,22,16,No,0
100519,POS,Electronics,Same City,Credit,7,11,No,0
49284,POS,Shopping,Different City,Credit,20,27,No,0
138964,Online,Gaming,Same City,Credit,13,10,No,1
14797,ATM,Gaming,Same City,Debit,22,16,No,0
38872,Online,Food,Same City,Debit,10,20,No,0
86848,POS,Gaming,Same City,Credit,2,27,No,1
17085,Online,Food,Same City,Debit,3,1,No,0
50002,Online,Electronics,Different City,Credit,13,6,No,0
1807,Online,Electronics,Same City,Credit,14,22,No,0
859,POS,Travel,Same City,Credit,8,7,No,0
117795,Online,Gaming,Same City,Credit,23,8,No,1
29281,ATM,Food,Different City,Debit,17,28,No,0
58813,ATM,Jewellery,Different City,Credit,15,2,No,1
141415,Online,Travel,Same City,Debit,11,1,No,0
24844,POS,Electronics,International,Debit,7,0,Yes,0
18237,International,Electronics,Different City,Debit,18,2,Yes,0
159110,ATM,Shopping,Different City,Credit,18,6,No,0
98611,Online,Travel,Same City,Debit,8,23,No,1
101210,Online,Electronics,Different City,Debit,11,26,No,1
194099,Online,Shopping,Different State,Credit,21,15,No,1
100290,ATM,Shopping,Same City,Credit,0,15,No,1
169977,Online,Shopping,International,Credit,3,18,Yes,1
42073,Online,Electronics,International,Debit,21,12,Yes,0
17101,Online,Food,Different State,Credit,3,0,No,0
57845,Online,Shopping,Different City,Credit,18,0,No,0
17727,POS,Shopping,Different State,Debit,15,22,No,0
44163,POS,Food,Different State,Debit,22,16,No,0
128798,ATM,Electronics,Same City,Debit,14,4,No,0
132881,Online,Jewellery,Same City,Credit,20,20,No,1
157359,International,Food,Same City,Credit,6,20,Yes,1
155977,Online,Electronics,Different City,Credit,18,26,No,1
9778,Online,Fuel,Different State,Debit,11,12,No,0
191290,ATM,Jewellery,Different City,Debit,23,16,No,1
159958,Online,Shopping,Same City,Credit,14,23,No,1
189493,POS,Gaming,Same City,Credit,17,4,No,1
128567,POS,Food,Same City,Debit,15,14,No,0
98093,ATM,Gaming,Different City,Debit,10,20,No,1
56765,POS,Food,Different City,Credit,3,5,No,1
9562,ATM,Gaming,Same City,Credit,8,13,No,0
32366,Online,Fuel,Same City,Credit,13,30,No,0
49684,Online,Shopping,Same City,Debit,7,24,No,0
146064,Online,Food,Same City,Credit,23,23,No,1
98118,Online,Food,Same City,Credit,5,1,No,1
177187,Online,Travel,Same City,Credit,3,3,No,1
41425,Online,Fuel,Different City,Credit,11,3,No,0
149675,International,Fuel,Same City,Credit,14,20,Yes,1
113215,Online,Jewellery,Different State,Credit,8,21,No,1
115280,Online,Electronics,Different City,Credit,15,22,No,1
190094,POS,Fuel,Same City,Credit,2,29,No,1
79075,Online,Gaming,Same City,Credit,22,2,No,1
86719,POS,Shopping,Different City,Debit,14,5,No,0
71317,POS,Electronics,Same City,Credit,11,14,No,0
109598,Online,Gaming,Same City,Credit,13,17,No,1
120846,International,Fuel,Same City,Credit,12,18,Yes,1
59824,ATM,Gaming,Different State,Credit,3,1,No,1
17783,Online,Shopping,Same City,Debit,15,8,No,0
91537,Online,Gaming,Same City,Debit,3,27,No,1
18713,POS,Fuel,Different City,Debit,19,20,No,0
40895,ATM,Fuel,Different City,Credit,10,6,No,0
131905,ATM,Shopping,Same City,Debit,1,27,No,1
120176,Online,Shopping,Same City,Debit,13,9,No,0
180223,Online,Shopping,Different State,Credit,10,9,No,1
42742,Online,Shopping,Same City,Credit,22,8,No,0
163411,POS,Shopping,Different City,Credit,0,15,No,1
21952,ATM,Shopping,Same City,Credit,12,29,No,0
163736,International,Fuel,Same City,Debit,23,21,Yes,1
13396,ATM,Shopping,Different City,Debit,2,1,No,0
93808,Online,Shopping,Same City,Credit,23,2,No,0
219,International,Shopping,Different City,Credit,12,2,Yes,0
11006,International,Food,Same City,Debit,16,23,Yes,0
88121,Online,Shopping,Different City,Credit,11,23,No,1
36925,POS,Jewellery,Different City,Debit,10,28,No,0
199071,ATM,Travel,Same City,Debit,21,11,No,0
143965,Online,Shopping,Same City,Debit,9,18,No,0
22551,ATM,Fuel,Different City,Credit,9,5,No,0
159379,Online,Shopping,Same City,Credit,2,6,No,1
94948,POS,Food,Different City,Credit,3,9,No,1
108152,Online,Shopping,Same City,Credit,22,0,No,0
79259,ATM,Shopping,Different City,Credit,9,22,No,1
162175,International,Travel,Same City,Credit,19,9,Yes,1
181249,POS,Travel,International,Credit,7,21,Yes,1
175218,Online,Gaming,Same City,Credit,8,22,No,1
32541,International,Jewellery,Same City,Credit,3,17,Yes,0
25030,Online,Shopping,Same City,Credit,3,11,No,0
139985,ATM,Fuel,Same City,Credit,8,29,No,1
3342,POS,Shopping,Different City,Debit,8,12,No,0
103139,POS,Shopping,Same City,Debit,0,4,No,1
198693,ATM,Shopping,Same City,Credit,1,26,No,1
100990,Online,Electronics,Different City,Debit,20,20,No,0
173292,POS,Travel,Different City,Debit,13,22,No,1
123246,Online,Jewellery,Different City,Debit,15,15,No,1
19770,Online,Gaming,Same City,Credit,22,1,No,1
57421,POS,Fuel,Same City,Credit,22,21,No,0
197842,POS,Fuel,International,Credit,14,25,Yes,1
90451,Online,Food,Same City,Credit,23,25,No,1
139521,POS,Shopping,Same City,Debit,13,24,No,1
197609,POS,Shopping,Different City,Debit,7,17,No,0
144628,Online,Jewellery,Different City,Debit,20,6,No,1
164348,Online,Fuel,Same City,Credit,0,15,No,1
193455,International,Food,Different City,Credit,14,24,Yes,1
20828,POS,Gaming,Different City,Credit,2,23,No,0
151775,POS,Electronics,Different City,Credit,9,22,No,1
15049,Online,Fuel,International,Debit,0,15,Yes,0
1706,POS,Travel,Different State,Credit,9,21,No,0
160520,ATM,Food,Different State,Credit,16,13,No,1
108785,Online,Shopping,Same City,Credit,10,29,No,1
19225,POS,Fuel,Different City,Debit,8,23,No,0
97299,POS,Food,Same City,Debit,6,22,No,0
85927,POS,Food,Same City,Credit,21,22,No,1
196094,POS,Fuel,Same City,Credit,9,10,No,0
60496,International,Fuel,Same City,Credit,11,23,Yes,1
87964,POS,Food,Same City,Credit,4,4,No,1
35308,Online,Electronics,Different State,Debit,14,27,No,0
10464,International,Shopping,International,Debit,6,20,Yes,0
29469,Online,Shopping,Same City,Debit,16,26,No,0
190280,POS,Shopping,International,Credit,14,23,Yes,1
196479,Online,Shopping,Different State,Credit,5,14,No,1
152495,Online,Electronics,Same City,Debit,2,2,No,1
54060,Online,Jewellery,Different State,Debit,16,12,No,0
63207,Online,Food,Different City,Debit,18,28,No,1
7006,Online,Fuel,Same City,Credit,0,7,No,0
78177,POS,Food,Same City,Credit,1,4,No,1
40225,Online,Electronics,Same City,Credit,1,4,No,1
110896,Online,Gaming,Same City,Credit,20,6,No,1
16937,Online,Gaming,Same City,Debit,0,6,No,0
5500,Online,Gaming,Different City,Credit,23,6,No,0
34102,Online,Food,Same City,Credit,0,9,No,0
609,Online,Gaming,Same City,Credit,10,11,No,0
195449,POS,Food,Same City,Credit,4,21,No,1
178099,Online,Jewellery,Same City,Debit,22,14,No,1
22404,POS,Electronics,Same City,Credit,19,28,No,0
152682,POS,Electronics,Different State,Debit,15,13,No,1
114907,International,Fuel,Same City,Credit,21,2,Yes,1
55958,POS,Shopping,International,Credit,14,20,Yes,1
42236,Online,Travel,Same City,Credit,3,18,No,1
89643,POS,Food,Same City,Debit,20,23,No,1
189942,Online,Shopping,Different City,Debit,15,30,No,1
172412,Online,Food,Different City,Credit,20,25,No,1
127098,ATM,Travel,Different City,Debit,3,24,No,1
167232,Online,Gaming,Different City,Credit,8,26,No,1
50225,ATM,Gaming,Same City,Debit,10,8,No,1
107730,Online,Food,Same City,Credit,4,1,No,1
166531,Online,Food,Same City,Debit,5,1,No,1
90897,Online,Gaming,Different City,Debit,21,10,No,1
199151,ATM,Travel,International,Credit,18,21,Yes,1
122779,POS,Travel,Same City,Debit,18,29,No,1
169011,POS,Electronics,International,Debit,1,23,Yes,0
36757,POS,Shopping,Same City,Debit,19,9,No,0
17939,International,Electronics,Same City,Credit,14,11,Yes,0
140980,POS,Fuel,Same City,Debit,0,30,No,1
81528,POS,Food,Same City,Credit,8,4,No,0
33151,ATM,Food,International,Credit,22,8,Yes,0
108739,POS,Shopping,Same City,Credit,14,14,No,0
60637,Online,Food,Different State,Debit,21,9,No,0
197944,Online,Shopping,Same City,Credit,13,24,No,1
160942,ATM,Gaming,Same City,Debit,21,1,No,1
167632,ATM,Food,International,Credit,3,25,Yes,1
163763,POS,Electronics,International,Credit,8,12,Yes,1
42264,Online,Shopping,Different State,Credit,21,6,No,0
134227,Online,Jewellery,Same City,Credit,8,29,No,1
99440,ATM,Shopping,Different State,Credit,11,19,No,1
124521,Online,Shopping,Same City,Debit,8,6,No,0
40616,Online,Food,Different City,Credit,22,10,No,0
36294,Online,Fuel,Different City,Credit,2,26,No,1
28731,POS,Shopping,Different State,Debit,20,4,No,1
3135,POS,Shopping,Same City,Credit,1,25,No,1
33810,Online,Jewellery,Same City,Credit,13,25,No,0
171538,International,Shopping,Different City,Debit,17,8,Yes,1
82927,ATM,Shopping,Different State,Credit,21,10,No,0
162936,POS,Gaming,Same City,Credit,22,2,No,1
86463,Online,Food,Different State,Debit,17,4,No,1
33458,POS,Gaming,Same City,Credit,19,18,No,0
172304,Online,Shopping,Different State,Credit,11,17,No,1
60390,ATM,Travel,Different City,Debit,23,29,No,1
169140,Online,Travel,Same City,Debit,15,10,No,1
130405,POS,Travel,Different City,Debit,20,26,No,1
55626,Online,Electronics,Different State,Debit,11,5,No,0
183923,POS,Travel,Same City,Debit,8,18,No,0
154057,Online,Food,Same City,Credit,13,0,No,0
139579,ATM,Jewellery,Same City,Credit,4,30,No,1
120024,Online,Food,Same City,Credit,7,25,No,1
147548,Online,Gaming,Same City,Debit,0,18,No,1
31893,Online,Fuel,Same City,Credit,11,8,No,0
92958,POS,Gaming,Same City,Debit,1,18,No,1
161186,ATM,Fuel,Same City,Debit,8,14,No,1
147861,Online,Jewellery,Same City,Debit,3,22,No,1
52867,Online,Food,Same City,Credit,1,20,No,1
196582,POS,Electronics,Different City,Credit,20,19,No,0
139341,Online,Food,Same City,Credit,11,4,No,0
63747,Online,Electronics,Same City,Debit,18,13,No,0
88212,International,Food,Different City,Debit,22,19,Yes,1
119747,POS,Fuel,Same City,Debit,23,3,No,0
75570,POS,Fuel,Different State,Credit,3,16,No,1
38128,International,Food,Same City,Credit,6,12,Yes,0
34006,POS,Shopping,Same City,Debit,22,0,No,0
72654,International,Food,International,Credit,11,3,Yes,1
144916,Online,Travel,International,Debit,11,0,Yes,1
185527,ATM,Shopping,Different City,Credit,15,24,No,1
178140,POS,Gaming,Same City,Debit,16,22,No,1
116060,ATM,Fuel,Same City,Debit,5,6,No,1
83552,POS,Shopping,Different City,Debit,14,6,No,0
35015,POS,Travel,Same City,Credit,23,18,No,0
90464,Online,Shopping,Same City,Credit,5,2,No,1
164734,POS,Jewellery,Different City,Credit,18,21,No,1
90085,Online,Travel,Same City,Credit,7,3,No,0
93448,Online,Travel,Different City,Credit,14,7,No,1
149088,International,Shopping,Different City,Debit,14,14,Yes,1
59799,Online,Shopping,Same City,Credit,8,30,No,0
81716,POS,Shopping,International,Credit,22,14,Yes,1
97910,POS,Fuel,Different City,Credit,13,17,No,0
167,POS,Travel,Same City,Credit,20,15,No,0
41157,International,Shopping,Different City,Debit,8,11,Yes,0
156392,International,Electronics,Different City,Debit,4,7,Yes,1
86044,ATM,Fuel,Different State,Credit,14,30,No,1
120750,Online,Electronics,Same City,Credit,0,26,No,1
137928,POS,Electronics,Different State,Debit,9,30,No,1
88238,Online,Jewellery,Different City,Credit,7,29,No,0
116413,POS,Travel,Same City,Credit,22,25,No,1
89405,POS,Food,International,Credit,18,24,Yes,1
87985,Online,Gaming,Different State,Credit,7,12,No,1
76454,POS,Shopping,Same City,Credit,10,3,No,0
32826,Online,Electronics,Same City,Debit,7,20,No,0
173673,Online,Shopping,International,Credit,12,4,Yes,1
101304,Online,Shopping,Same City,Debit,18,28,No,1
111706,ATM,Jewellery,Different City,Debit,14,8,No,1
115867,POS,Electronics,Different City,Debit,18,16,No,0
182676,ATM,Jewellery,Same City,Credit,19,2,No,1
22655,Online,Gaming,International,Credit,4,13,Yes,0
24124,POS,Gaming,Different City,Credit,19,28,No,0
119248,POS,Shopping,Same City,Credit,3,13,No,1
93521,POS,Gaming,International,Debit,8,7,Yes,1
115060,POS,Food,Same City,Credit,20,18,No,0
90424,Online,Travel,Same City,Credit,18,5,No,0
182877,International,Shopping,Same City,Debit,7,21,Yes,1
190223,Online,Jewellery,International,Debit,3,4,Yes,1
126916,International,Jewellery,Same City,Credit,0,17,Yes,1
120118,POS,Fuel,Same City,Credit,11,7,No,0
80036,Online,Electronics,Same City,Credit,17,25,No,1
320,ATM,Food,Same City,Credit,13,20,No,0
183019,International,Shopping,Different State,Credit,7,26,Yes,1
88803,POS,Shopping,Same City,Credit,17,8,No,0
178267,POS,Fuel,Different State,Debit,0,23,No,1
11505,Online,Shopping,Same City,Credit,8,25,No,0
116790,Online,Shopping,Same City,Credit,23,27,No,1
81068,ATM,Food,Same City,Credit,21,23,No,1
100128,Online,Fuel,Same City,Credit,2,29,No,1
125407,POS,Electronics,Different State,Debit,8,11,No,1
114690,Online,Travel,Same City,Credit,15,9,No,0
44753,POS,Food,Same City,Credit,3,23,No,1
131988,POS,Shopping,Same City,Credit,18,5,No,0
42313,Online,Electronics,Different City,Credit,16,28,No,0
41837,Online,Travel,Same City,Credit,3,6,No,1
36436,POS,Shopping,Different City,Debit,8,29,No,0
110176,POS,Electronics,Same City,Debit,21,8,No,0
121907,POS,Food,Same City,Credit,17,18,No,0
151286,Online,Shopping,Different City,Debit,11,14,No,0
128956,International,Fuel,International,Debit,12,29,Yes,1
124312,POS,Food,Different State,Credit,12,1,No,1
33057,Online,Electronics,International,Debit,4,18,Yes,0
86484,ATM,Jewellery,Same City,Credit,9,18,No,1
136259,POS,Shopping,Different City,Credit,4,14,No,1
194191,Online,Shopping,Same City,Debit,17,11,No,0
108668,ATM,Shopping,Different State,Credit,21,7,No,1
113292,ATM,Food,Same City,Debit,4,9,No,1
113291,Online,Shopping,Same City,Debit,8,7,No,0
23420,POS,Shopping,Different City,Debit,7,26,No,1
20804,Online,Shopping,Different State,Credit,0,12,No,0
131635,POS,Food,Same City,Credit,22,9,No,0
149394,Online,Food,Same City,Credit,14,29,No,1
119329,POS,Travel,Same City,Debit,18,28,No,1
170537,POS,Electronics,Same City,Credit,11,12,No,0
162007,Online,Fuel,Different City,Credit,17,22,No,1
93266,POS,Electronics,Same City,Credit,14,20,No,0
37027,Online,Electronics,Different State,Debit,19,19,No,0
29156,ATM,Fuel,Same City,Credit,13,29,No,0
166252,POS,Electronics,Same City,Credit,21,29,No,1
36115,Online,Fuel,Different State,Credit,18,14,No,0
126292,POS,Fuel,Different State,Credit,0,4,No,1
129717,ATM,Gaming,Same City,Debit,19,10,No,1
194402,POS,Shopping,Same City,Credit,21,14,No,0
33813,Online,Fuel,Same City,Credit,1,20,No,0
92333,POS,Food,Different State,Debit,23,8,No,1
48038,Online,Shopping,Same City,Credit,20,25,No,0
55710,International,Food,Same City,Credit,23,4,Yes,1
84781,Online,Travel,International,Credit,1,20,Yes,1
82247,International,Gaming,Same City,Credit,21,8,Yes,1
16166,Online,Food,Same City,Debit,11,1,No,0
96850,Online,Jewellery,Different City,Debit,7,30,No,1
14284,ATM,Gaming,Different State,Debit,14,0,No,0
70834,Online,Jewellery,Same City,Credit,19,0,No,1
25316,POS,Shopping,Different City,Debit,7,30,No,0
198409,ATM,Travel,Different City,Credit,11,10,No,0
104390,Online,Shopping,Same City,Debit,10,10,No,0
28081,Online,Jewellery,Same City,Credit,13,3,No,0
179233,Online,Shopping,Different State,Debit,4,19,No,1
121386,POS,Fuel,International,Credit,20,3,Yes,1
66863,ATM,Shopping,Same City,Credit,5,15,No,1
194310,POS,Gaming,Different State,Credit,9,25,No,1
49630,Online,Fuel,Different City,Debit,19,27,No,0
11477,Online,Fuel,Different City,Credit,14,11,No,0
148829,POS,Food,Same City,Debit,9,25,No,1
193928,Online,Jewellery,Same City,Credit,22,12,No,1
189274,POS,Gaming,Same City,Debit,8,6,No,1
56615,Online,Food,Same City,Credit,18,25,No,0
154303,Online,Shopping,Different City,Debit,22,0,No,0
121574,POS,Shopping,Different State,Credit,22,16,No,1
41311,POS,Shopping,Different City,Debit,14,29,No,0
175383,POS,Shopping,Different State,Credit,11,6,No,0
11528,POS,Fuel,Different City,Credit,4,10,No,0
111282,POS,Travel,Same City,Credit,12,11,No,0
31713,POS,Travel,Same City,Credit,0,7,No,0
110503,POS,Shopping,Different City,Debit,11,20,No,0
199517,POS,Fuel,Same City,Debit,2,10,No,1
107793,POS,Food,Same City,Credit,10,24,No,1
135018,Online,Electronics,Different State,Credit,18,21,No,1
184553,ATM,Food,Different City,Credit,13,0,No,1
168020,International,Fuel,Same City,Credit,23,10,Yes,1
149356,ATM,Electronics,Same City,Debit,2,0,No,1
48337,International,Shopping,Same City,Credit,11,15,Yes,1
166272,Online,Electronics,Same City,Credit,15,12,No,0
71669,Online,Shopping,Same City,Credit,5,19,No,1
12221,POS,Shopping,Same City,Credit,17,4,No,0
162611,ATM,Food,Different City,Credit,21,6,No,0
43667,POS,Food,Same City,Debit,21,30,No,0
148936,Online,Shopping,Same City,Credit,13,21,No,1
155196,ATM,Shopping,Same City,Credit,17,29,No,1
172137,Online,Travel,Same City,Debit,1,30,No,1
132687,Online,Food,Same City,Credit,19,9,No,0
58290,Online,Electronics,Same City,Debit,20,9,No,0
107179,POS,Fuel,Different City,Debit,0,16,No,1
151955,Online,Electronics,Same City,Credit,5,12,No,1
196912,ATM,Shopping,Different State,Credit,14,23,No,1
127984,Online,Jewellery,Different City,Debit,17,26,No,1
186642,Online,Jewellery,Different City,Credit,5,6,No,1
178341,Online,Gaming,Different State,Debit,13,12,No,1
92751,Online,Jewellery,Different City,Debit,2,17,No,0
99302,ATM,Food,Same City,Credit,23,23,No,1
136880,International,Jewellery,Different City,Credit,8,19,Yes,1
66899,ATM,Electronics,Different City,Debit,20,21,No,1
94531,Online,Jewellery,Different City,Credit,2,7,No,1
71684,Online,Travel,Same City,Debit,7,27,No,1
65000,POS,Shopping,Different City,Credit,15,13,No,0
35547,POS,Electronics,Same City,Debit,19,25,No,0
159987,POS,Shopping,Different State,Debit,5,29,No,1
20227,Online,Shopping,Different City,Credit,0,20,No,0
152127,Online,Shopping,Same City,Credit,12,20,No,0
56946,POS,Food,Same City,Credit,2,5,No,1
48227,Online,Travel,Different State,Credit,1,26,No,1
163265,Online,Shopping,Different State,Credit,21,24,No,1
166719,Online,Fuel,Different City,Credit,22,0,No,0
172107,POS,Jewellery,Different City,Debit,12,27,No,1
55822,ATM,Shopping,Same City,Credit,7,8,No,0
133875,International,Travel,Same City,Credit,9,23,Yes,1
114227,POS,Shopping,International,Credit,22,22,Yes,1
2929,Online,Shopping,International,Debit,8,1,Yes,1
62337,POS,Electronics,Same City,Debit,17,29,No,1
74295,POS,Travel,Same City,Debit,5,3,No,1
178689,Online,Food,Different City,Debit,5,8,No,1
143331,Online,Electronics,Different City,Credit,14,12,No,0
38780,POS,Shopping,Same City,Credit,3,13,No,1
90886,POS,Shopping,International,Debit,5,28,Yes,1
178261,Online,Electronics,Same City,Credit,3,3,No,1
122857,ATM,Electronics,Same City,Credit,19,0,No,0
25226,Online,Travel,Different State,Debit,13,14,No,0
4226,Online,Shopping,Different City,Credit,21,25,No,0
88706,Online,Fuel,Same City,Debit,11,25,No,1
159571,POS,Electronics,Same City,Credit,14,10,No,0
789,POS,Travel,Same City,Credit,15,14,No,0
130273,POS,Food,Different City,Credit,0,17,No,1
59664,International,Gaming,Same City,Debit,1,10,Yes,1
60994,Online,Electronics,Same City,Credit,5,14,No,1
168197,POS,Food,International,Credit,5,18,Yes,0
180875,POS,Shopping,Same City,Credit,5,2,No,1
67108,Online,Fuel,Different State,Credit,2,28,No,1
10465,Online,Shopping,Same City,Credit,2,21,No,0
187076,ATM,Fuel,Same City,Credit,2,14,No,0
103090,Online,Food,Different State,Credit,13,29,No,1
106409,International,Gaming,Same City,Debit,8,26,Yes,1
193634,POS,Shopping,Different City,Credit,2,30,No,1
172497,POS,Gaming,Different State,Credit,8,26,No,1
183260,Online,Electronics,Same City,Credit,2,18,No,1
33981,Online,Food,Same City,Credit,18,4,No,0
118025,Online,Food,International,Credit,14,24,Yes,1
33899,ATM,Gaming,Different City,Credit,11,30,No,0
118619,POS,Shopping,Same City,Credit,6,23,No,1
161913,International,Gaming,Different City,Credit,8,16,Yes,1
124435,ATM,Food,Same City,Credit,14,30,No,1
159400,ATM,Shopping,Different City,Credit,15,28,No,1
4267,Online,Fuel,Same City,Debit,7,18,No,0
174682,Online,Electronics,Different State,Credit,12,9,No,1
69978,Online,Travel,Different City,Credit,23,24,No,1
177580,Online,Electronics,Different City,Credit,17,13,No,0
106336,Online,Jewellery,Same City,Credit,7,26,No,1
81820,ATM,Jewellery,Different City,Credit,3,13,No,1
64546,Online,Shopping,Same City,Debit,2,11,No,1
51544,Online,Electronics,Same City,Debit,13,6,No,0
138558,POS,Shopping,Same City,Credit,1,9,No,1
95469,Online,Electronics,Different City,Debit,9,6,No,0
76250,International,Shopping,Same City,Credit,18,8,Yes,1
148900,Online,Gaming,Same City,Debit,20,17,No,1
78555,Online,Gaming,Same City,Credit,3,28,No,1
42415,POS,Shopping,Different State,Credit,15,20,No,0
66075,POS,Food,Different City,Debit,14,5,No,0
191056,Online,Shopping,Different State,Debit,15,11,No,1
149500,ATM,Food,Different State,Credit,10,25,No,1
96722,International,Gaming,Different State,Credit,8,15,Yes,1
46610,International,Fuel,Same City,Debit,17,5,Yes,1
194125,Online,Shopping,Different City,Credit,8,12,No,0
62650,POS,Travel,Different City,Debit,5,9,No,1
